board,id,key,expected,label_tier,normal_hit,published_contract_hit,source_prefix_hit,source_prefix_cards,source_prefix_dd_concessions,par_contract,source_contract,same_strain_declarer,par_score_ns,tricks,normal_findings,error,source_prefix_error,source_format,source_url,source_record,archive_member,metadata_assumptions
1,8c7837d69708,e5af3c7067b68a77,Squeeze,book-topic,False,False,,,,7D N,7NT S,False,1440,13,,,,pbn,https://www.jmmollimard.fr/facemort/squeeze.zip,1,squeeze_wb.PBN,
2,3fc0e3ba786a,fe6d721a94e036d7,Squeeze,book-topic,False,False,,,,7NT N,7NTX S,False,2220,13,,,,pbn,https://www.jmmollimard.fr/facemort/squeeze.zip,2,squeeze_wb.PBN,
3,0f06de6fb0bb,383654427b410e1a,Squeeze,book-topic,False,False,,,,7NT N,7NT S,False,1520,13,,,,pbn,https://www.jmmollimard.fr/facemort/squeeze.zip,3,squeeze_wb.PBN,
4,0b15eb710d73,b34351445f33e8b3,Squeeze,book-topic,True,True,,,,7NT N,7NT S,False,2220,13,Squeeze; Squeeze,,,pbn,https://www.jmmollimard.fr/facemort/squeeze.zip,4,squeeze_wb.PBN,
5,f57be651ef8d,fbbacb073d6ad8d0,Squeeze,book-topic,False,False,,,,6NT N,6NT S,False,1440,12,,,,pbn,https://www.jmmollimard.fr/facemort/squeeze.zip,5,squeeze_wb.PBN,
6,f7bdc9b6b51a,e16be912d1d359ab,Squeeze,book-topic,False,False,,,,6S S,6S S,True,980,12,,,,pbn,https://www.jmmollimard.fr/facemort/squeeze.zip,6,squeeze_wb.PBN,
7,f055c659cdc4,f25f7def8be8065c,Squeeze,book-topic,False,False,,,,3NT N,6S S,False,660,11,,,,pbn,https://www.jmmollimard.fr/facemort/squeeze.zip,7,squeeze_wb.PBN,
8,0a8b843bec78,e424a9821a042edb,Squeeze,book-topic,True,False,,,,7NT N,7C S,False,2220,13,Squeeze,,,pbn,https://www.jmmollimard.fr/facemort/squeeze.zip,8,squeeze_wb.PBN,
9,407a1ef6cd91,a0512d39d2fd5fd9,Squeeze,book-topic,False,False,,,,3NT N,4H S,False,430,10,,,,pbn,https://www.jmmollimard.fr/facemort/squeeze.zip,9,squeeze_wb.PBN,
10,9e7fde74c223,887f9851a84b27ce,Squeeze,book-topic,False,False,,,,7NT S,6S S,False,1520,13,,,,pbn,https://www.jmmollimard.fr/facemort/squeeze.zip,10,squeeze_wb.PBN,
11,c450ff0bd6ec,e7bb050587de47a6,Squeeze,book-topic,False,False,,,,4S S,4S S,True,620,10,,,,pbn,https://www.jmmollimard.fr/facemort/squeeze.zip,11,squeeze_wb.PBN,
12,44b8c54ea2f2,1c70dddac4eafe2b,Squeeze,book-topic,False,False,,,,4S S,4S S,True,420,10,,,,pbn,https://www.jmmollimard.fr/facemort/squeeze.zip,12,squeeze_wb.PBN,
13,7b9a3e70fa98,38a63fa01a4181b2,Squeeze,book-topic,False,False,,,,6C N,6C S,False,1370,12,,,,pbn,https://www.jmmollimard.fr/facemort/squeeze.zip,13,squeeze_wb.PBN,
14,c19ab70df6d2,9a562dfc7f9e4ae7,Squeeze,book-topic,False,False,,,,7NT N,7NT S,False,1520,13,,,,pbn,https://www.jmmollimard.fr/facemort/squeeze.zip,14,squeeze_wb.PBN,
15,b4d1506a37bc,89c979b6c82faf37,Squeeze,book-topic,False,False,,,,7NT N,7NT S,False,2220,13,,,,pbn,https://www.jmmollimard.fr/facemort/squeeze.zip,15,squeeze_wb.PBN,
16,0a5afdf24e1c,987ee4c65fad97c0,Squeeze,book-topic,False,False,,,,7NT N,7NT S,False,1520,13,,,,pbn,https://www.jmmollimard.fr/facemort/squeeze.zip,16,squeeze_wb.PBN,
17,88c362310e2c,240ec3b54ef60ace,Squeeze,book-topic,False,False,,,,6NT N,6NT S,False,990,12,,,,pbn,https://www.jmmollimard.fr/facemort/squeeze.zip,17,squeeze_wb.PBN,
18,ee098432f08d,457a7e7ac5ff8eb9,Squeeze,book-topic,False,False,,,,7NT N,6NT S,False,2220,13,,,,pbn,https://www.jmmollimard.fr/facemort/squeeze.zip,19,squeeze_wb.PBN,
19,9827dc32756c,39fdf5c4e26e6578,Squeeze,book-topic,False,False,,,,3NT N,6S S,False,460,11,,,,pbn,https://www.jmmollimard.fr/facemort/squeeze.zip,20,squeeze_wb.PBN,
20,fb0eb64907df,8d043eac87eb9d88,Squeeze,book-topic,False,False,,,,3NT N,3NT S,False,600,9,,,,pbn,https://www.jmmollimard.fr/facemort/squeeze.zip,21,squeeze_wb.PBN,
21,a302a0c03dfc,792c69914b00bd1d,Squeeze,book-topic,False,True,,,,6NT N,6NT S,False,1440,12,,,,pbn,https://www.jmmollimard.fr/facemort/squeeze.zip,22,squeeze_wb.PBN,
22,7e174f38ff22,4a56e066c1078ab3,Squeeze,book-topic,False,False,,,,7NT N,7S S,False,2220,13,,,,pbn,https://www.jmmollimard.fr/facemort/squeeze.zip,23,squeeze_wb.PBN,
23,3b4787e4bd3e,4634c1345e7aaaab,Squeeze,book-topic,False,False,,,,7NT N,7S S,False,1520,13,,,,pbn,https://www.jmmollimard.fr/facemort/squeeze.zip,24,squeeze_wb.PBN,
24,f8b59029a443,374947a7298cb88b,Squeeze,book-topic,False,False,,,,6NT N,6NT S,False,1440,12,,,,pbn,https://www.jmmollimard.fr/facemort/squeeze.zip,25,squeeze_wb.PBN,
25,426bcc193273,60940b09ee134df8,Squeeze,book-topic,False,False,,,,5HX W,4S S,False,500,8,Elimination / endplay,,,pbn,https://www.jmmollimard.fr/facemort/squeeze.zip,26,squeeze_wb.PBN,
26,e6b19a7c0d31,eb66191938f945bd,Squeeze,book-topic,False,False,,,,7H S,6H S,True,1510,13,,,,pbn,https://www.jmmollimard.fr/facemort/squeeze.zip,27,squeeze_wb.PBN,
27,20361a8504bb,086bdd5773cb5f88,Squeeze,book-topic,False,False,,,,3NT N,3NT S,False,430,10,,,,pbn,https://www.jmmollimard.fr/facemort/squeeze.zip,28,squeeze_wb.PBN,
28,cc5e587f5b22,163aca661fdd4ce9,Squeeze,book-topic,False,False,,,,6NT N,6NT S,False,1440,12,,,,pbn,https://www.jmmollimard.fr/facemort/squeeze.zip,30,squeeze_wb.PBN,
29,e7240d876bc2,cbb7ddd284f8af26,Squeeze,book-topic,False,False,,,,6NT N,6NT S,False,990,12,,,,pbn,https://www.jmmollimard.fr/facemort/squeeze.zip,31,squeeze_wb.PBN,
30,b7b94dbd1764,4b21d2961125e9c9,Squeeze,book-topic,False,False,,,,7S S,6S S,True,2210,13,,,,pbn,https://www.jmmollimard.fr/facemort/squeeze.zip,32,squeeze_wb.PBN,
31,845258f74c0a,07313999ef202b16,Squeeze,book-topic,False,False,,,,5DX E,4S S,False,300,9,,,,pbn,https://www.jmmollimard.fr/facemort/squeeze.zip,33,squeeze_wb.PBN,
32,be997fea6bc8,f968159794b3c596,Squeeze,book-topic,False,False,,,,3NT N,3NT S,False,400,9,,,,pbn,https://www.jmmollimard.fr/facemort/squeeze.zip,34,squeeze_wb.PBN,
33,8c2326c5e571,7c4acf325a15e61b,Squeeze,book-topic,False,False,,,,7NT N,7NT S,False,1520,13,,,,pbn,https://www.jmmollimard.fr/facemort/squeeze.zip,35,squeeze_wb.PBN,
34,cb9cac2ab1d2,eb5d2acc71f10f11,Squeeze,book-topic,False,False,,,,6H S,6H S,True,1430,12,,,,pbn,https://www.jmmollimard.fr/facemort/squeeze.zip,36,squeeze_wb.PBN,
35,071350dbff3f,57144d62b226f874,Squeeze,book-topic,False,False,,,,1S S,4S S,True,140,9,,,,pbn,https://www.jmmollimard.fr/facemort/squeeze.zip,37,squeeze_wb.PBN,
36,ea7b8fdde64a,6bfe6fcc8e317b45,Squeeze,book-topic,False,False,,,,5S N,5S S,False,650,11,Dummy reversal,,,pbn,https://www.jmmollimard.fr/facemort/squeeze.zip,38,squeeze_wb.PBN,
37,14148cd18321,2287d9ce45021f52,Squeeze,book-topic,False,False,,,,6NT N,6NT S,False,990,12,,,,pbn,https://www.jmmollimard.fr/facemort/squeeze.zip,39,squeeze_wb.PBN,
38,5bf9c92caf2b,54bc9f9795936daf,Squeeze,book-topic,False,False,,,,6NT N,6NT S,False,1440,12,,,,pbn,https://www.jmmollimard.fr/facemort/squeeze.zip,40,squeeze_wb.PBN,
39,eaf78f5d2608,9001d0c76fa08859,Squeeze,book-topic,False,False,,,,4S S,6S S,True,450,11,Crossruff,,,pbn,https://www.jmmollimard.fr/facemort/squeeze.zip,41,squeeze_wb.PBN,
40,834622b1a767,ed4976d67e264e8c,Squeeze,book-topic,False,False,,,,6C N,6NT S,False,1370,12,,,,pbn,https://www.jmmollimard.fr/facemort/squeeze.zip,42,squeeze_wb.PBN,
41,77750806376f,a1707e2dd99699c7,Squeeze,book-topic,False,False,,,,6NT N,3NT S,False,990,12,,,,pbn,https://www.jmmollimard.fr/facemort/squeeze.zip,43,squeeze_wb.PBN,
42,f40182d4b788,65e7ab33ec9c692f,Squeeze,book-topic,False,False,,,,6NT N,6HX S,False,990,12,,,,pbn,https://www.jmmollimard.fr/facemort/squeeze.zip,44,squeeze_wb.PBN,
43,b957bb455ff3,3c9ed19654012f8a,Squeeze,book-topic,False,False,,,,3NT S,3NT S,True,660,11,,,,pbn,https://www.jmmollimard.fr/facemort/squeeze.zip,45,squeeze_wb.PBN,
44,a19273c5330d,2610e081108f6865,Squeeze,book-topic,False,False,,,,7D S,6NT S,False,1440,13,,,,pbn,https://www.jmmollimard.fr/facemort/squeeze.zip,46,squeeze_wb.PBN,dealer inferred/defaulted; vulnerability inferred/defaulted
45,672809cdf229,3d325bb681685459,Squeeze,book-topic,False,False,,,,7NT N,6NT S,False,1520,13,,,,pbn,https://www.jmmollimard.fr/facemort/squeeze.zip,1,squeezex_bw.pbn,
46,24c1a1c2222d,9c40a52c760a3356,Squeeze,book-topic,False,False,,,,3S E,4H S,False,-140,9,,,,pbn,https://www.jmmollimard.fr/facemort/squeeze.zip,2,squeezex_bw.pbn,
47,f87264b839e1,5dd7c6753889a047,Squeeze,book-topic,False,False,,,,3NT S,4S S,False,430,10,,,,pbn,https://www.jmmollimard.fr/facemort/squeeze.zip,3,squeezex_bw.pbn,
48,80a015fd5b19,5b3f89f36a4d6e89,Squeeze,book-topic,False,False,,,,2D N,3NT S,False,130,10,,,,pbn,https://www.jmmollimard.fr/facemort/squeeze.zip,4,squeezex_bw.pbn,
49,b426460928d1,3f01af616098c9b6,Squeeze,book-topic,False,False,,,,7NT N,6S S,False,1520,13,,,,pbn,https://www.jmmollimard.fr/facemort/squeeze.zip,5,squeezex_bw.pbn,
50,216e13c84139,0fa54e825b698f76,Squeeze,book-topic,False,False,,,,3NT N,4S S,False,630,10,,,,pbn,https://www.jmmollimard.fr/facemort/squeeze.zip,6,squeezex_bw.pbn,
51,5a0d197818ec,b28f7a354b905820,Squeeze,book-topic,False,False,,,,4S N,3NT S,False,420,10,,,,pbn,https://www.jmmollimard.fr/facemort/squeeze.zip,7,squeezex_bw.pbn,
52,797318eac221,af6f0d80dbd5974f,Squeeze,book-topic,False,False,,,,6NT S,6C S,False,1440,12,,,,pbn,https://www.jmmollimard.fr/facemort/squeeze.zip,8,squeezex_bw.pbn,
53,d3decfb39cb3,b0468d65b4a968ec,Squeeze,book-topic,False,False,,,,2H N,2NT S,False,110,8,Dummy reversal,,,pbn,https://www.jmmollimard.fr/facemort/squeeze.zip,9,squeezex_bw.pbn,
54,88d81ef54707,45e23ff99e9d4ff1,Squeeze,book-topic,False,False,,,,6H S,4H S,True,1430,12,,,,pbn,https://www.jmmollimard.fr/facemort/squeeze.zip,10,squeezex_bw.pbn,
55,27cdf326ae2e,cde6798a8d19e47e,Squeeze,book-topic,False,False,,,,6S S,6NT S,False,980,12,,,,pbn,https://www.jmmollimard.fr/facemort/squeeze.zip,11,squeezex_bw.pbn,
56,d445c5db918e,1f7885a87f1d744e,Squeeze,book-topic,False,False,,,,3H S,4H S,True,140,9,,,,pbn,https://www.jmmollimard.fr/facemort/squeeze.zip,12,squeezex_bw.pbn,
57,fa4a0f05246c,9d4ea9685e185914,Squeeze,book-topic,False,False,,,,3NT N,3NT S,False,460,11,,,,pbn,https://www.jmmollimard.fr/facemort/squeeze.zip,13,squeezex_bw.pbn,
58,7814aeecf1e5,9a3c1f30514b76b9,Squeeze,book-topic,False,False,,,,3NT N,6D S,False,660,11,,,,pbn,https://www.jmmollimard.fr/facemort/squeeze.zip,14,squeezex_bw.pbn,
59,3b3cb22a6423,b59f4428c2af62d6,Squeeze,book-topic,True,False,,,,7NT N,7C S,False,1520,13,Squeeze,,,pbn,https://www.jmmollimard.fr/facemort/squeeze.zip,15,squeezex_bw.pbn,
60,60aa05144333,9258e8f59eeb058e,Squeeze,book-topic,False,False,,,,4H N,6H S,False,650,11,,,,pbn,https://www.jmmollimard.fr/facemort/squeeze.zip,16,squeezex_bw.pbn,
61,e829d0bb81ee,851a7ece7eb138be,Squeeze,book-topic,False,False,,,,6H N,4H S,False,980,12,,,,pbn,https://www.jmmollimard.fr/facemort/squeeze.zip,17,squeezex_bw.pbn,
62,9ac89baf1bc9,9fe7009049cdc694,Squeeze,book-topic,False,False,,,,4H S,6H S,True,650,11,,,,pbn,https://www.jmmollimard.fr/facemort/squeeze.zip,18,squeezex_bw.pbn,
63,1a0c95c38d97,aeb2f5f2657490b0,Squeeze,book-topic,False,False,,,,6DX S,5DX S,True,-300,10,,,,pbn,https://www.jmmollimard.fr/facemort/squeeze.zip,19,squeezex_bw.pbn,
64,b575dbdc85ae,a7b16deabd6da23d,Squeeze,book-topic,False,False,,,,7CX E,6D S,False,1400,7,,,,pbn,https://www.jmmollimard.fr/facemort/squeeze.zip,20,squeezex_bw.pbn,
65,82baa0b7c7dd,60e395c799faa40b,Squeeze,book-topic,False,False,,,,4H S,4H S,True,420,10,,,,pbn,https://www.jmmollimard.fr/facemort/squeeze.zip,21,squeezex_bw.pbn,
66,247cac19a4f9,acb9576cad901026,Squeeze,book-topic,False,False,,,,3NT N,3NT S,False,630,10,,,,pbn,https://www.jmmollimard.fr/facemort/squeeze.zip,22,squeezex_bw.pbn,
67,e915e9c1002f,b01770acfec79a1d,Squeeze,book-topic,False,False,,,,5D S,3NT S,False,400,11,,,,pbn,https://www.jmmollimard.fr/facemort/squeeze.zip,23,squeezex_bw.pbn,
68,1fda6c90aca9,f4557f8777898795,Squeeze,book-topic,False,False,,,,4S S,4S S,True,620,10,,,,pbn,https://www.jmmollimard.fr/facemort/squeeze.zip,24,squeezex_bw.pbn,
69,a003000a0df0,3a62bcd63de18ddf,Squeeze,book-topic,False,False,,,,6S S,6S S,True,1430,12,,,,pbn,https://www.jmmollimard.fr/facemort/squeeze.zip,25,squeezex_bw.pbn,
70,44931a5cc941,7fbad5f99c8df54d,Crossruff,individual,True,False,False,52,0,4H N,4H S,False,650,11,Crossruff,,,lin,https://raw.githubusercontent.com/RogerPf/aaBridge/33d53be8d17429787d43b6ad8a9e9a0edb5ecc65/src/Books/31  Hondo717  -  Mentoring 2015/mentoring1507b.lin,2,,
71,8473b07f7ecb,3c753909668d9130,Trump coup,individual,False,False,False,1,0,6NT N,6C S,False,1440,12,,,,lin,https://raw.githubusercontent.com/RogerPf/aaBridge/33d53be8d17429787d43b6ad8a9e9a0edb5ecc65/src/Books-L/52  Writer    -  Angel Blue  Problems 2019/137__Problems__wk__37.lin,9,,
72,9ccb6059289e,1a6e2a270fb3b982,Crossruff,individual,False,False,False,52,4,1H E,4H E,True,-140,9,,,,lin,https://raw.githubusercontent.com/RogerPf/aaBridge/33d53be8d17429787d43b6ad8a9e9a0edb5ecc65/src/Books/25  Hondo717  -  Mentoring 2021/mentoring2110a.lin,5,,
73,dac2dcaaaf2e,02d005cf04a776f6,Crossruff,individual,True,True,,,,5D S,5D S,True,400,11,Crossruff,,Illegal source card at ply 2,lin,https://raw.githubusercontent.com/RogerPf/aaBridge/33d53be8d17429787d43b6ad8a9e9a0edb5ecc65/src/Books-L/23  Lessons  -  Basic Defense Lessons/320   blackwoodleadtrump.lin,5,,
74,9481e709d617,49a7b79e269ad4ce,Crossruff,individual,True,True,,,,6SX E,6H S,False,300,10,Crossruff,,,lin,https://raw.githubusercontent.com/RogerPf/aaBridge/33d53be8d17429787d43b6ad8a9e9a0edb5ecc65/src/Books-L/23  Lessons  -  Basic Defense Lessons/320   blackwoodleadtrump.lin,22,,
75,21965514f590,54089f07ea0c7ecf,Crossruff,individual,False,False,,,,3CX E,2S N,False,100,8,,,,pbn,https://raw.githubusercontent.com/ContractBridge/pbn-files/baa1b3df9b54d071c155670a85cbb45727c5916c/2000-3rd_IOC_Grand_Prix/W4EURNOR.PBN,23,,
76,02cbfd4324fd,3bb5ca0a7658581c,Trump coup,individual,False,False,False,52,1,1NT N,2C N,False,120,8,,,,lin,https://raw.githubusercontent.com/RogerPf/aaBridge/33d53be8d17429787d43b6ad8a9e9a0edb5ecc65/src/Books/37  Hondo717  -  Mentoring 2009/mentoring091008.lin,15,,
77,76ed92e98ba1,22e838f5f805cbe8,Elimination / endplay,individual,True,True,True,40,0,6H N,6H S,False,980,12,Elimination / endplay,,,lin,https://raw.githubusercontent.com/RogerPf/aaBridge/33d53be8d17429787d43b6ad8a9e9a0edb5ecc65/src/Books-L/53  Writer    -  Angel Blue  Endplays/150  Endplays 2 - Quiz.lin,1,,LIN unspecified vulnerability treated as None
78,34796140cc0a,98df9661185ab5d0,Elimination / endplay,individual,False,False,False,36,0,4H N,4H S,False,420,10,,,,lin,https://raw.githubusercontent.com/RogerPf/aaBridge/33d53be8d17429787d43b6ad8a9e9a0edb5ecc65/src/Books-L/53  Writer    -  Angel Blue  Endplays/150  Endplays 2 - Quiz.lin,2,,LIN unspecified vulnerability treated as None
79,389478a9dae1,37ab547298c6706f,Elimination / endplay,individual,False,False,,,,6H N,6H S,False,980,12,,,Illegal source card at ply 13,lin,https://raw.githubusercontent.com/RogerPf/aaBridge/33d53be8d17429787d43b6ad8a9e9a0edb5ecc65/src/Books-L/53  Writer    -  Angel Blue  Endplays/150  Endplays 2 - Quiz.lin,3,,LIN unspecified vulnerability treated as None
80,b33e19fb0d0d,1eba4ab8d290547b,Elimination / endplay,individual,False,False,False,37,0,5C S,5C S,True,400,11,,,,lin,https://raw.githubusercontent.com/RogerPf/aaBridge/33d53be8d17429787d43b6ad8a9e9a0edb5ecc65/src/Books-L/53  Writer    -  Angel Blue  Endplays/150  Endplays 2 - Quiz.lin,4,,LIN unspecified vulnerability treated as None
81,2981d1d4681c,43ec490426b8c867,Elimination / endplay,individual,False,False,True,32,0,4H S,5H S,True,450,11,,,,lin,https://raw.githubusercontent.com/RogerPf/aaBridge/33d53be8d17429787d43b6ad8a9e9a0edb5ecc65/src/Books-L/53  Writer    -  Angel Blue  Endplays/150  Endplays 2 - Quiz.lin,5,,LIN unspecified vulnerability treated as None
82,14af49b67b13,976903bed99fa679,Elimination / endplay,individual,False,False,False,33,0,5HX E,4S S,False,300,9,,,,lin,https://raw.githubusercontent.com/RogerPf/aaBridge/33d53be8d17429787d43b6ad8a9e9a0edb5ecc65/src/Books-L/53  Writer    -  Angel Blue  Endplays/150  Endplays 2 - Quiz.lin,6,,LIN unspecified vulnerability treated as None
83,960f2795144d,0f755c6bb5077ac4,Crossruff,individual,False,False,,,,4S E,3S E,True,-650,11,Dummy reversal,,,pbn,https://raw.githubusercontent.com/BSalita/pbns/30327324935ba90a2d93faa1ab5cfad840c0a4a0/singles/bermuda2000.pbn,40,,
84,a176ff2d1847,5b3f59f2e24834aa,Crossruff,individual,False,False,True,52,1,4CX W,4SX S,False,100,9,,,,lin,https://raw.githubusercontent.com/RogerPf/aaBridge/33d53be8d17429787d43b6ad8a9e9a0edb5ecc65/src/Books-B/08  BarnetS  -  Barnet Shenkin/Barnets_-_2__Coaching the Team   2010-04-18.lin,9,,
85,5365f7650e2a,5cf7e946a7905198,Crossruff,individual,True,True,True,52,1,5C N,5C N,True,600,11,Crossruff,,,lin,https://raw.githubusercontent.com/RogerPf/aaBridge/33d53be8d17429787d43b6ad8a9e9a0edb5ecc65/src/Books/25  Hondo717  -  Mentoring 2021/mentoring2108a.lin,4,,
86,16975844edf2,f4e6ec310cd80983,Trump coup,individual,False,False,False,37,0,4S S,4S S,True,420,10,,,,lin,https://raw.githubusercontent.com/RogerPf/aaBridge/33d53be8d17429787d43b6ad8a9e9a0edb5ecc65/src/Books-L/57  Writer    -  Roger's Finds/186_14__Dog_in_the_night.lin,1,,
87,f390f82cc3d0,b06fdeb33199c856,Crossruff,individual,False,False,,,,6H S,6H S,True,1430,12,,,,pbn,https://raw.githubusercontent.com/ContractBridge/pbn-files/baa1b3df9b54d071c155670a85cbb45727c5916c/2001-11th_European_Open_Pairs_Championship/Q2PART1.PBN,5,,
88,7faebb941194,31e1118b705a3653,Crossruff,individual,False,True,False,52,1,4DX W,2S N,False,100,9,,,,lin,https://raw.githubusercontent.com/RogerPf/aaBridge/33d53be8d17429787d43b6ad8a9e9a0edb5ecc65/src/Books/22  Hondo717  -  Mentoring 2024/mentoring2409a.lin,1,,
89,0bfaeaa4fa22,2085615c9cb769c6,Crossruff,individual,False,False,False,20,2,4S E,4S E,True,-650,11,,,,lin,https://raw.githubusercontent.com/RogerPf/aaBridge/33d53be8d17429787d43b6ad8a9e9a0edb5ecc65/src/Books-B/37  Listen to the Experts/Think with Fred  2007-12-16.lin,19,,
90,61cbb7a22dc7,74131709d0997c5e,Dummy reversal,individual,False,False,True,47,1,4H S,6H S,True,450,11,,,,lin,https://raw.githubusercontent.com/RogerPf/aaBridge/33d53be8d17429787d43b6ad8a9e9a0edb5ecc65/src/Books-L/52  Writer    -  Angel Blue  Problems 2017/1112__Problem_11.2.lin,1,,LIN unspecified vulnerability treated as None
91,6e9b68af0440,562fd026fb285856,Trump coup,individual,False,False,,,,4H N,4H N,True,450,11,,,Illegal source card at ply 3,lin,https://raw.githubusercontent.com/RogerPf/aaBridge/33d53be8d17429787d43b6ad8a9e9a0edb5ecc65/src/Books/31  Hondo717  -  Mentoring 2015/mentoring1504a.lin,8,,
92,b893ae66b140,616ca4f68ff28315,Crossruff,individual,False,False,True,52,0,5S N,4S S,False,450,11,,,,lin,https://raw.githubusercontent.com/RogerPf/aaBridge/33d53be8d17429787d43b6ad8a9e9a0edb5ecc65/src/Books-B/62  Thurston  -  Paul Thurston/Thurston - 2over1   2014.lin,22,,LIN unspecified vulnerability treated as None
93,7d00610aeb60,22f8042635ff1e3d,Crossruff,individual,False,False,False,52,4,1S N,2C S,False,140,9,,,,lin,https://raw.githubusercontent.com/RogerPf/aaBridge/33d53be8d17429787d43b6ad8a9e9a0edb5ecc65/src/Books/35  Hondo717  -  Mentoring 2011/mentoring1106e.lin,1,,
94,dcad5f5fbe66,ea8d244724a1c9bd,Squeeze,book-topic,False,False,,,,3NT N,4H S,False,400,9,,,,pbn,https://www.jmmollimard.fr/facemort/romanet.zip,1,romanet.PBN,
95,afdb33de3d33,11dfc48b43451370,Squeeze,book-topic,False,False,,,,5C N,3NT S,False,600,11,Elimination / endplay,,,pbn,https://www.jmmollimard.fr/facemort/romanet.zip,2,romanet.PBN,
96,9c47ad50890a,653c55e96c27e9c7,Squeeze,book-topic,False,False,,,,6NT N,6NT S,False,1440,12,,,,pbn,https://www.jmmollimard.fr/facemort/romanet.zip,3,romanet.PBN,
97,b97fb9e15803,91b6f3c6f654fc76,Squeeze,book-topic,False,False,,,,3H S,4H S,True,140,9,,,,pbn,https://www.jmmollimard.fr/facemort/romanet.zip,4,romanet.PBN,
98,b5c6d8580b81,7b320130af790652,Squeeze,book-topic,False,False,,,,3NT N,6D S,False,660,11,,,,pbn,https://www.jmmollimard.fr/facemort/romanet.zip,5,romanet.PBN,
99,75cf90428a19,de1f57cf38148661,Squeeze,book-topic,False,False,,,,6NT N,6H S,False,990,12,,,,pbn,https://www.jmmollimard.fr/facemort/romanet.zip,6,romanet.PBN,
100,9051726006d4,115b6e4611858ffb,Squeeze,book-topic,False,False,,,,3NT N,6NT S,False,660,11,,,,pbn,https://www.jmmollimard.fr/facemort/romanet.zip,7,romanet.PBN,
101,32a49045bb25,438b25a382d10382,Squeeze,book-topic,False,False,,,,3NT N,4H S,False,600,9,,,,pbn,https://www.jmmollimard.fr/facemort/romanet.zip,8,romanet.PBN,
102,653daad0230a,0e80f27ed451e277,Squeeze,book-topic,False,False,,,,7H S,7H S,True,1510,13,,,,pbn,https://www.jmmollimard.fr/facemort/romanet.zip,9,romanet.PBN,
103,a595d0554e42,e892bcedd9c20bd9,Trump coup,individual,False,False,,,,6H S,6H S,True,980,12,,,Illegal source card at ply 46,lin,https://raw.githubusercontent.com/RogerPf/aaBridge/33d53be8d17429787d43b6ad8a9e9a0edb5ecc65/src/Books-L/52  Writer    -  Angel Blue  Problems 2017/1113__Problem_11.3.lin,1,,LIN unspecified vulnerability treated as None
104,f15ec29753f1,1ec6e43e709a2eb9,Dummy reversal,individual,False,False,,,,4H S,6H S,True,450,11,,,Illegal source card at ply 2,lin,https://raw.githubusercontent.com/RogerPf/aaBridge/33d53be8d17429787d43b6ad8a9e9a0edb5ecc65/src/Books/72  Learn to Play Bridge 2/207_7____Trump_Management.lin,10,,LIN unspecified vulnerability treated as None
105,4a6846e70c2f,8de936cb81baad10,Crossruff,individual,True,True,False,45,1,4S S,6S S,True,450,11,Crossruff,,,lin,https://raw.githubusercontent.com/RogerPf/aaBridge/33d53be8d17429787d43b6ad8a9e9a0edb5ecc65/src/Books-L/53  Writer    -  Angel Blue  Endplays/240  Endplays 7 - The Coup en Passant.lin,6,,LIN unspecified vulnerability treated as None
106,8b6dc410bb01,0f1bdd45367a5a1b,Crossruff,individual,False,False,False,41,1,2S N,4S S,False,140,9,,,,lin,https://raw.githubusercontent.com/RogerPf/aaBridge/33d53be8d17429787d43b6ad8a9e9a0edb5ecc65/src/Books-L/53  Writer    -  Angel Blue  Endplays/240  Endplays 7 - The Coup en Passant.lin,7,,LIN unspecified vulnerability treated as None
107,b9fa81b8e141,3c9923f77f8934d3,Trump coup,individual,False,False,False,1,1,7H N,6SX S,False,1510,13,,,,lin,https://raw.githubusercontent.com/RogerPf/aaBridge/33d53be8d17429787d43b6ad8a9e9a0edb5ecc65/src/Books-L/52  Writer    -  Angel Blue  Problems 2019/139__Problems__wk__39.lin,9,,
108,9a96c99320cd,89dd72aafcf78d6e,Crossruff,individual,True,True,True,44,0,4H W,4H W,True,-420,10,Crossruff,,,lin,https://raw.githubusercontent.com/RogerPf/aaBridge/33d53be8d17429787d43b6ad8a9e9a0edb5ecc65/src/Books/29  Hondo717  -  Mentoring 2017/mentoring1710b.lin,6,,
109,d798d79e5bd9,e8c07828a79c02f7,Dummy reversal,individual,False,False,False,1,0,7D S,7D S,True,1440,13,,,,lin,https://raw.githubusercontent.com/RogerPf/aaBridge/33d53be8d17429787d43b6ad8a9e9a0edb5ecc65/src/Books-L/52  Writer    -  Angel Blue  Problems 2019/136__Problems__wk__36.lin,1,,
110,e56c61df1ccf,42a3441e79d2e4b0,Trump coup,individual,False,False,False,1,0,4S S,4S S,True,620,10,,,,lin,https://raw.githubusercontent.com/RogerPf/aaBridge/33d53be8d17429787d43b6ad8a9e9a0edb5ecc65/src/Books-L/52  Writer    -  Angel Blue  Problems 2018/133__Problems__wk__33.lin,12,,
111,fc031795338d,99fb4d5f703c9d06,Trump coup,individual,False,False,False,1,0,6NT N,6S S,False,990,12,,,,lin,https://raw.githubusercontent.com/RogerPf/aaBridge/33d53be8d17429787d43b6ad8a9e9a0edb5ecc65/src/Books-L/52  Writer    -  Angel Blue  Problems 2018/133__Problems__wk__33.lin,13,,LIN unspecified vulnerability treated as None
112,e4adb2fa5099,10abc4809f1985fe,Crossruff,individual,False,False,,,,3H S,4H S,True,140,9,,,Illegal source card at ply 3,lin,https://raw.githubusercontent.com/RogerPf/aaBridge/33d53be8d17429787d43b6ad8a9e9a0edb5ecc65/src/Books-S/22  Survival  -  Counting/110  Counting with Agumperz.lin,1,,
113,6ae645aee116,28b07f50bebf0d4d,Trump coup,individual,True,True,,,,6S S,6S S,True,980,12,Trump coup,,Illegal source card at ply 46,lin,https://raw.githubusercontent.com/RogerPf/aaBridge/33d53be8d17429787d43b6ad8a9e9a0edb5ecc65/src/Books-L/52  Writer    -  Angel Blue  Problems 2017/1085__Problem__8.5.lin,1,,
114,1b470b4bc830,0c498e38125d889b,Crossruff,individual,False,False,True,40,1,4S E,5DX S,False,-620,10,,,,lin,https://raw.githubusercontent.com/RogerPf/aaBridge/33d53be8d17429787d43b6ad8a9e9a0edb5ecc65/src/Books-L/23  Lessons  -  Basic Defense Lessons/360   defenseexamples04.lin,4,,
115,9baf50755d74,93ee14324db4a963,Elimination / endplay,individual,False,False,False,41,0,6NT N,6NT S,False,990,12,,,,lin,https://raw.githubusercontent.com/RogerPf/aaBridge/33d53be8d17429787d43b6ad8a9e9a0edb5ecc65/src/Books-L/53  Writer    -  Angel Blue  Endplays/130  Endplays 1 - Quiz.lin,1,,LIN unspecified vulnerability treated as None
116,0378211a3952,5023d6e4ac1cc152,Elimination / endplay,individual,False,False,False,27,1,4NT N,4H S,False,430,10,,,,lin,https://raw.githubusercontent.com/RogerPf/aaBridge/33d53be8d17429787d43b6ad8a9e9a0edb5ecc65/src/Books-L/53  Writer    -  Angel Blue  Endplays/130  Endplays 1 - Quiz.lin,2,,LIN unspecified vulnerability treated as None
117,3c91e4580f0f,ee3968bdd1ac8e4b,Elimination / endplay,individual,False,False,False,1,0,7D N,6D S,False,1440,13,,,,lin,https://raw.githubusercontent.com/RogerPf/aaBridge/33d53be8d17429787d43b6ad8a9e9a0edb5ecc65/src/Books-L/53  Writer    -  Angel Blue  Endplays/130  Endplays 1 - Quiz.lin,3,,LIN unspecified vulnerability treated as None
118,f74e0be05918,99e91a29efcd1111,Elimination / endplay,individual,False,False,False,1,0,3NT N,3NT S,False,400,9,,,,lin,https://raw.githubusercontent.com/RogerPf/aaBridge/33d53be8d17429787d43b6ad8a9e9a0edb5ecc65/src/Books-L/53  Writer    -  Angel Blue  Endplays/130  Endplays 1 - Quiz.lin,5,,LIN unspecified vulnerability treated as None
119,e6314b38f1d0,4806de08b707e624,Elimination / endplay,individual,False,False,False,48,0,6NT N,6NT S,False,1440,12,,,,lin,https://raw.githubusercontent.com/RogerPf/aaBridge/33d53be8d17429787d43b6ad8a9e9a0edb5ecc65/src/Books/81  Watson/038  Watson 2 - 3.lin,4,,
120,f1127d959617,99205456dbd0cfdc,Elimination / endplay,individual,False,False,False,44,1,6NT N,6NT S,False,1440,12,,,,lin,https://raw.githubusercontent.com/RogerPf/aaBridge/33d53be8d17429787d43b6ad8a9e9a0edb5ecc65/src/Books/81  Watson/038  Watson 2 - 3.lin,7,,
121,5df1f6783751,e3e24822acbb51cc,Elimination / endplay,individual,False,False,False,48,0,4H N,3NT S,False,420,10,,,,lin,https://raw.githubusercontent.com/RogerPf/aaBridge/33d53be8d17429787d43b6ad8a9e9a0edb5ecc65/src/Books/81  Watson/038  Watson 2 - 3.lin,9,,
122,0444001d6e13,625b2e2dddf5d2a1,Elimination / endplay,individual,False,False,,,,6NT N,6NT S,False,990,12,,,Illegal source card at ply 27,lin,https://raw.githubusercontent.com/RogerPf/aaBridge/33d53be8d17429787d43b6ad8a9e9a0edb5ecc65/src/Books/81  Watson/038  Watson 2 - 3.lin,10,,
123,26d74a95be85,82fdacc42e74acf5,Elimination / endplay,individual,False,False,False,44,0,3NT S,3NT S,True,430,10,,,,lin,https://raw.githubusercontent.com/RogerPf/aaBridge/33d53be8d17429787d43b6ad8a9e9a0edb5ecc65/src/Books/81  Watson/038  Watson 2 - 3.lin,11,,
124,127356e37541,9c304b4f8fdde9d4,Elimination / endplay,individual,False,False,,,,5DX E,4S S,False,200,10,,,Illegal source card at ply 36,lin,https://raw.githubusercontent.com/RogerPf/aaBridge/33d53be8d17429787d43b6ad8a9e9a0edb5ecc65/src/Books/81  Watson/038  Watson 2 - 3.lin,12,,
124,127356e37541,9c304b4f8fdde9d4,Crossruff,individual,False,False,,,,5DX E,4S S,False,200,10,,,Illegal source card at ply 36,lin,https://raw.githubusercontent.com/RogerPf/aaBridge/33d53be8d17429787d43b6ad8a9e9a0edb5ecc65/src/Books/81  Watson/038  Watson 2 - 3.lin,12,,
125,640c1ab7ce95,3a44e7bca2785642,Elimination / endplay,individual,False,False,False,40,0,6SX E,6H S,False,1400,7,,,,lin,https://raw.githubusercontent.com/RogerPf/aaBridge/33d53be8d17429787d43b6ad8a9e9a0edb5ecc65/src/Books/81  Watson/038  Watson 2 - 3.lin,13,,
125,640c1ab7ce95,3a44e7bca2785642,Crossruff,individual,False,True,True,40,0,6SX E,6H S,False,1400,7,,,,lin,https://raw.githubusercontent.com/RogerPf/aaBridge/33d53be8d17429787d43b6ad8a9e9a0edb5ecc65/src/Books/81  Watson/038  Watson 2 - 3.lin,13,,
126,203d2cc8175e,f510f21b6eaafdad,Elimination / endplay,individual,False,True,False,36,0,7HX E,6S S,False,1400,7,,,,lin,https://raw.githubusercontent.com/RogerPf/aaBridge/33d53be8d17429787d43b6ad8a9e9a0edb5ecc65/src/Books/81  Watson/038  Watson 2 - 3.lin,14,,
127,4d37073a04e1,8b1fc594f7f587b4,Elimination / endplay,individual,False,False,False,28,0,6NT S,6S S,False,990,12,,,,lin,https://raw.githubusercontent.com/RogerPf/aaBridge/33d53be8d17429787d43b6ad8a9e9a0edb5ecc65/src/Books/81  Watson/038  Watson 2 - 3.lin,15,,
128,b706aa97e758,ec74f6e8a7958ae5,Elimination / endplay,individual,False,False,True,40,1,4SX W,4H S,False,500,8,,,,lin,https://raw.githubusercontent.com/RogerPf/aaBridge/33d53be8d17429787d43b6ad8a9e9a0edb5ecc65/src/Books/81  Watson/038  Watson 2 - 3.lin,16,,
129,54e40ab9da30,6291804332f5273d,Elimination / endplay,individual,False,False,True,24,0,4S S,4S S,True,620,10,,,,lin,https://raw.githubusercontent.com/RogerPf/aaBridge/33d53be8d17429787d43b6ad8a9e9a0edb5ecc65/src/Books/81  Watson/038  Watson 2 - 3.lin,17,,
130,83a3b605927f,b4998038736904be,Elimination / endplay,individual,False,False,False,44,0,6S S,6S S,True,1430,12,,,,lin,https://raw.githubusercontent.com/RogerPf/aaBridge/33d53be8d17429787d43b6ad8a9e9a0edb5ecc65/src/Books/81  Watson/038  Watson 2 - 3.lin,18,,
131,21c5e8592bf9,20d4bc133b280e01,Elimination / endplay,individual,False,False,False,44,0,6S S,6S S,True,1430,12,,,,lin,https://raw.githubusercontent.com/RogerPf/aaBridge/33d53be8d17429787d43b6ad8a9e9a0edb5ecc65/src/Books/81  Watson/038  Watson 2 - 3.lin,19,,
132,cc4a65500532,e33431de311c1054,Crossruff,individual,False,False,,,,4S W,4S S,False,-450,11,,,Illegal source card at ply 1,lin,https://raw.githubusercontent.com/RogerPf/aaBridge/33d53be8d17429787d43b6ad8a9e9a0edb5ecc65/src/Books/25  Hondo717  -  Mentoring 2021/mentoring2101d.lin,1,,
133,7d569a66ca1e,6364242b0a4b1e76,Dummy reversal,individual,False,False,,,,3NT E,4D E,False,-430,10,,,,pbn,https://raw.githubusercontent.com/ContractBridge/pbn-files/baa1b3df9b54d071c155670a85cbb45727c5916c/2000-3rd_IOC_Grand_Prix/3BUSAITA.PBN,12,,
134,d34aa0adf3c7,7a825d3361a91db3,Crossruff,individual,True,True,True,1,1,6D E,6D E,True,-1370,12,Crossruff,,,lin,https://raw.githubusercontent.com/RogerPf/aaBridge/33d53be8d17429787d43b6ad8a9e9a0edb5ecc65/src/Books/36  Hondo717  -  Mentoring 2010/mentoring100520.lin,7,,
135,8001be5d441b,5ff97786df645b4c,Elimination / endplay,individual,False,False,False,24,0,6H S,6H S,True,980,12,,,,lin,https://raw.githubusercontent.com/RogerPf/aaBridge/33d53be8d17429787d43b6ad8a9e9a0edb5ecc65/src/Books-L/53  Writer    -  Angel Blue  Endplays/180  Endplays 4 - The Entry Position.lin,1,,LIN unspecified vulnerability treated as None
136,dd3e7a5daab1,0006d86b4b88a8c6,Elimination / endplay,individual,False,False,False,17,0,4SX E,4H S,False,300,8,,,,lin,https://raw.githubusercontent.com/RogerPf/aaBridge/33d53be8d17429787d43b6ad8a9e9a0edb5ecc65/src/Books-L/53  Writer    -  Angel Blue  Endplays/180  Endplays 4 - The Entry Position.lin,2,,LIN unspecified vulnerability treated as None
137,43a25d76f963,312047037efb35f6,Elimination / endplay,individual,False,False,False,40,0,6NT N,6NT S,False,990,12,,,,lin,https://raw.githubusercontent.com/RogerPf/aaBridge/33d53be8d17429787d43b6ad8a9e9a0edb5ecc65/src/Books-L/53  Writer    -  Angel Blue  Endplays/180  Endplays 4 - The Entry Position.lin,3,,LIN unspecified vulnerability treated as None
138,bebe425e7a8d,dcc61862c894a95e,Elimination / endplay,individual,False,False,False,40,0,6NT N,6NT S,False,990,12,,,,lin,https://raw.githubusercontent.com/RogerPf/aaBridge/33d53be8d17429787d43b6ad8a9e9a0edb5ecc65/src/Books-L/53  Writer    -  Angel Blue  Endplays/180  Endplays 4 - The Entry Position.lin,4,,LIN unspecified vulnerability treated as None
139,631a068aeb25,bfc44ae5b613f123,Elimination / endplay,individual,False,False,False,24,0,6H S,6H S,True,980,12,,,,lin,https://raw.githubusercontent.com/RogerPf/aaBridge/33d53be8d17429787d43b6ad8a9e9a0edb5ecc65/src/Books-L/53  Writer    -  Angel Blue  Endplays/180  Endplays 4 - The Entry Position.lin,8,,LIN unspecified vulnerability treated as None
140,aeb155c910bb,90d5dc0505f753c8,Elimination / endplay,individual,False,False,False,36,1,5NT N,6S S,False,460,11,,,,lin,https://raw.githubusercontent.com/RogerPf/aaBridge/33d53be8d17429787d43b6ad8a9e9a0edb5ecc65/src/Books-L/53  Writer    -  Angel Blue  Endplays/180  Endplays 4 - The Entry Position.lin,9,,LIN unspecified vulnerability treated as None
141,c221dbcdf92e,f5f573066bbbe796,Elimination / endplay,individual,False,False,False,32,0,6NT N,6H S,False,990,12,,,,lin,https://raw.githubusercontent.com/RogerPf/aaBridge/33d53be8d17429787d43b6ad8a9e9a0edb5ecc65/src/Books-L/53  Writer    -  Angel Blue  Endplays/180  Endplays 4 - The Entry Position.lin,10,,LIN unspecified vulnerability treated as None
142,78dec8ae7bc3,e1d3855bc805ba7b,Elimination / endplay,individual,False,False,False,32,0,3NT N,3NT S,False,400,9,,,,lin,https://raw.githubusercontent.com/RogerPf/aaBridge/33d53be8d17429787d43b6ad8a9e9a0edb5ecc65/src/Books-L/53  Writer    -  Angel Blue  Endplays/180  Endplays 4 - The Entry Position.lin,11,,LIN unspecified vulnerability treated as None
143,28d0cafb3727,c6f7fda2d259a36a,Crossruff,individual,False,False,True,36,0,2D S,2D S,True,90,8,,,,lin,https://raw.githubusercontent.com/RogerPf/aaBridge/33d53be8d17429787d43b6ad8a9e9a0edb5ecc65/src/Books-L/23  Lessons  -  Basic Defense Lessons/350   defenseexamples02.lin,2,,
144,f79af93f8f07,a6d802591ca39f0e,Elimination / endplay,individual,True,False,True,1,0,4H N,4H S,False,420,10,Elimination / endplay,,,lin,https://raw.githubusercontent.com/RogerPf/aaBridge/33d53be8d17429787d43b6ad8a9e9a0edb5ecc65/src/Books-L/53  Writer    -  Angel Blue  Endplays/140  Endplays 2 - Exiting with a Trump.lin,1,,LIN unspecified vulnerability treated as None
145,56b52c1d6573,5eef07f611231d32,Elimination / endplay,individual,False,False,False,37,1,6S N,6S S,False,980,12,,,,lin,https://raw.githubusercontent.com/RogerPf/aaBridge/33d53be8d17429787d43b6ad8a9e9a0edb5ecc65/src/Books-L/53  Writer    -  Angel Blue  Endplays/140  Endplays 2 - Exiting with a Trump.lin,2,,LIN unspecified vulnerability treated as None
146,e266d2dc3952,99c2687b4ba6e428,Elimination / endplay,individual,True,True,True,37,0,6H S,6H S,True,980,12,Elimination / endplay,,,lin,https://raw.githubusercontent.com/RogerPf/aaBridge/33d53be8d17429787d43b6ad8a9e9a0edb5ecc65/src/Books-L/53  Writer    -  Angel Blue  Endplays/140  Endplays 2 - Exiting with a Trump.lin,3,,LIN unspecified vulnerability treated as None
147,d08c6755123d,9fb0785065b00a4a,Elimination / endplay,individual,False,False,,,,4H N,4H S,False,420,10,,,Illegal source card at ply 45,lin,https://raw.githubusercontent.com/RogerPf/aaBridge/33d53be8d17429787d43b6ad8a9e9a0edb5ecc65/src/Books-L/53  Writer    -  Angel Blue  Endplays/140  Endplays 2 - Exiting with a Trump.lin,4,,LIN unspecified vulnerability treated as None
148,d8526a32d9ef,5a54f9c2bb713364,Elimination / endplay,individual,False,False,False,28,0,6NT N,6D S,False,990,12,,,,lin,https://raw.githubusercontent.com/RogerPf/aaBridge/33d53be8d17429787d43b6ad8a9e9a0edb5ecc65/src/Books-L/53  Writer    -  Angel Blue  Endplays/140  Endplays 2 - Exiting with a Trump.lin,5,,LIN unspecified vulnerability treated as None
149,fa254979504a,949388b363f3a2b8,Elimination / endplay,individual,False,False,False,32,0,7HX E,6S S,False,800,9,,,,lin,https://raw.githubusercontent.com/RogerPf/aaBridge/33d53be8d17429787d43b6ad8a9e9a0edb5ecc65/src/Books-L/53  Writer    -  Angel Blue  Endplays/140  Endplays 2 - Exiting with a Trump.lin,6,,LIN unspecified vulnerability treated as None
150,4d20e0609094,d08862890086425a,Elimination / endplay,individual,False,False,False,36,0,6S S,6S S,True,980,12,,,,lin,https://raw.githubusercontent.com/RogerPf/aaBridge/33d53be8d17429787d43b6ad8a9e9a0edb5ecc65/src/Books-L/53  Writer    -  Angel Blue  Endplays/140  Endplays 2 - Exiting with a Trump.lin,7,,LIN unspecified vulnerability treated as None
151,dc64903b063c,ca3296d2f5bd97a5,Elimination / endplay,individual,False,False,False,35,1,5SX S,4S S,True,-300,9,,,,lin,https://raw.githubusercontent.com/RogerPf/aaBridge/33d53be8d17429787d43b6ad8a9e9a0edb5ecc65/src/Books-L/53  Writer    -  Angel Blue  Endplays/140  Endplays 2 - Exiting with a Trump.lin,8,,LIN unspecified vulnerability treated as None
152,00f1e333e3fa,6cae7daa8b060ca6,Elimination / endplay,individual,False,False,False,32,0,5HX E,4S S,False,300,9,,,,lin,https://raw.githubusercontent.com/RogerPf/aaBridge/33d53be8d17429787d43b6ad8a9e9a0edb5ecc65/src/Books-L/53  Writer    -  Angel Blue  Endplays/140  Endplays 2 - Exiting with a Trump.lin,9,,LIN unspecified vulnerability treated as None
153,8ad23b158f03,35922220371dc126,Elimination / endplay,individual,False,False,False,36,0,4S S,5S S,True,450,11,,,,lin,https://raw.githubusercontent.com/RogerPf/aaBridge/33d53be8d17429787d43b6ad8a9e9a0edb5ecc65/src/Books-L/53  Writer    -  Angel Blue  Endplays/140  Endplays 2 - Exiting with a Trump.lin,10,,LIN unspecified vulnerability treated as None
154,de8c990692e2,bb6605faeb7f1bc8,Dummy reversal,individual,False,False,False,44,1,4SX E,4H S,False,300,8,,,,lin,https://raw.githubusercontent.com/RogerPf/aaBridge/33d53be8d17429787d43b6ad8a9e9a0edb5ecc65/src/Books-L/52  Writer    -  Angel Blue  Problems 2017/1075__Problem__7.5.lin,1,,LIN unspecified vulnerability treated as None
155,dbe11bc34db9,8a720952eaf66aef,Crossruff,individual,True,False,,,,4H E,4H N,False,-620,10,Crossruff,,Illegal source card at ply 1,lin,https://raw.githubusercontent.com/RogerPf/aaBridge/33d53be8d17429787d43b6ad8a9e9a0edb5ecc65/src/Books/31  Hondo717  -  Mentoring 2015/mentoring1505a.lin,5,,
156,26bd3be05c2c,2244ebef95590fbd,Dummy reversal,individual,False,False,True,1,1,3NT N,4S S,False,400,9,,,,lin,https://raw.githubusercontent.com/RogerPf/aaBridge/33d53be8d17429787d43b6ad8a9e9a0edb5ecc65/src/Books-L/52  Writer    -  Angel Blue  Problems 2018/123__Problems__wk__23.lin,11,,
157,1311afe0b916,468674411f71fe6a,Crossruff,individual,False,False,False,20,1,6D N,3NT S,False,1370,12,,,,lin,https://raw.githubusercontent.com/RogerPf/aaBridge/33d53be8d17429787d43b6ad8a9e9a0edb5ecc65/src/Books/30  Hondo717  -  Mentoring 2016/mentoring1605b.lin,5,,
158,19635feb8234,928f3e15b9da2873,Crossruff,individual,False,False,False,36,3,6D N,6D N,True,920,12,Dummy reversal,,,lin,https://raw.githubusercontent.com/RogerPf/aaBridge/33d53be8d17429787d43b6ad8a9e9a0edb5ecc65/src/Books-B/39  lrargerich  -  Luis Argerich/Play and Discuss  2013-09-12.lin,5,,
159,b9dd98e3764b,d4a93d96a086bb2a,Trump coup,individual,False,False,False,1,0,6S S,6SX S,True,980,12,,,,lin,https://raw.githubusercontent.com/RogerPf/aaBridge/33d53be8d17429787d43b6ad8a9e9a0edb5ecc65/src/Books-L/52  Writer    -  Angel Blue  Problems 2018/117__Problems__wk__17.lin,11,,
160,55afdd550a93,f85193140e2b87df,Crossruff,individual,True,True,,,,5C S,5C S,True,400,11,Crossruff,,Illegal source card at ply 2,lin,https://raw.githubusercontent.com/RogerPf/aaBridge/33d53be8d17429787d43b6ad8a9e9a0edb5ecc65/src/Books/31  Hondo717  -  Mentoring 2015/mentoring1502b.lin,7,,
161,8a47b4f181cd,85c775507715a30f,Trump coup,individual,False,False,True,44,0,4H S,4H S,True,420,10,,,,lin,https://raw.githubusercontent.com/RogerPf/aaBridge/33d53be8d17429787d43b6ad8a9e9a0edb5ecc65/src/Books-L/53  Writer    -  Angel Blue  Endplays/230  Endplays 6 - Quiz.lin,1,,LIN unspecified vulnerability treated as None
162,ef717910ee58,12fbb2678933cd85,Trump coup,individual,False,False,True,44,0,4S S,4S S,True,420,10,,,,lin,https://raw.githubusercontent.com/RogerPf/aaBridge/33d53be8d17429787d43b6ad8a9e9a0edb5ecc65/src/Books-L/53  Writer    -  Angel Blue  Endplays/230  Endplays 6 - Quiz.lin,2,,LIN unspecified vulnerability treated as None
163,c21c4febed5e,496b127bf63864ee,Trump coup,individual,False,False,True,44,1,5D S,6D S,True,400,11,,,,lin,https://raw.githubusercontent.com/RogerPf/aaBridge/33d53be8d17429787d43b6ad8a9e9a0edb5ecc65/src/Books-L/53  Writer    -  Angel Blue  Endplays/230  Endplays 6 - Quiz.lin,3,,LIN unspecified vulnerability treated as None
164,656ab2904da2,f761154496840ad2,Trump coup,individual,False,True,True,44,0,6NT N,6S S,False,990,12,,,,lin,https://raw.githubusercontent.com/RogerPf/aaBridge/33d53be8d17429787d43b6ad8a9e9a0edb5ecc65/src/Books-L/53  Writer    -  Angel Blue  Endplays/230  Endplays 6 - Quiz.lin,4,,LIN unspecified vulnerability treated as None
165,04802fcfebde,1d058539bb55efe9,Dummy reversal,individual,False,False,True,44,0,3H E,3DX S,False,-140,9,,,,lin,https://raw.githubusercontent.com/RogerPf/aaBridge/33d53be8d17429787d43b6ad8a9e9a0edb5ecc65/src/Books/31  Hondo717  -  Mentoring 2015/mentoring1502c.lin,6,,
166,38b996afa9a0,49bd14ae2a1052f9,Crossruff,individual,False,False,False,15,2,5SX W,5C S,False,300,9,,,,lin,https://raw.githubusercontent.com/RogerPf/aaBridge/33d53be8d17429787d43b6ad8a9e9a0edb5ecc65/src/Books-L/57  Writer    -  Roger's Finds/198_2___Impossible_5C.lin,1,,
167,90dc98a78e81,81b622ce0a6ccb76,Trump coup,individual,False,False,False,1,0,6C S,6C S,True,920,12,,,,lin,https://raw.githubusercontent.com/RogerPf/aaBridge/33d53be8d17429787d43b6ad8a9e9a0edb5ecc65/src/Books-L/52  Writer    -  Angel Blue  Problems 2018/119__Problems__wk__19.lin,3,,
168,5aecb287da32,d612e1dc509d8210,Crossruff,individual,False,False,,,,1S E,2S S,False,-140,9,,,Illegal source card at ply 1,lin,https://raw.githubusercontent.com/RogerPf/aaBridge/33d53be8d17429787d43b6ad8a9e9a0edb5ecc65/src/Books/38  Hondo717  -  Mentoring 2008/mentoring080605.lin,8,,
169,201a0cd4d26c,873b8e2a2fac5db5,Trump coup,individual,True,True,True,44,0,6H S,6H S,True,980,12,Trump coup,,,lin,https://raw.githubusercontent.com/RogerPf/aaBridge/33d53be8d17429787d43b6ad8a9e9a0edb5ecc65/src/Books-L/53  Writer    -  Angel Blue  Endplays/220  Endplays 6 - The Trump Coup.lin,2,,LIN unspecified vulnerability treated as None
170,5d68b27333d4,3066689bb7aca8c6,Trump coup,individual,False,False,True,44,0,7H S,7H S,True,1510,13,Crossruff,,,lin,https://raw.githubusercontent.com/RogerPf/aaBridge/33d53be8d17429787d43b6ad8a9e9a0edb5ecc65/src/Books-L/53  Writer    -  Angel Blue  Endplays/220  Endplays 6 - The Trump Coup.lin,4,,LIN unspecified vulnerability treated as None
171,0b1a1ab9a7ae,918fb69f12c77d1d,Trump coup,individual,False,False,False,44,1,6H S,6H S,True,980,12,,,,lin,https://raw.githubusercontent.com/RogerPf/aaBridge/33d53be8d17429787d43b6ad8a9e9a0edb5ecc65/src/Books-L/53  Writer    -  Angel Blue  Endplays/220  Endplays 6 - The Trump Coup.lin,5,,LIN unspecified vulnerability treated as None
172,efe0c762472a,8e7ebc33c39fd1f7,Trump coup,individual,False,False,True,41,0,7C S,7C S,True,1440,13,,,,lin,https://raw.githubusercontent.com/RogerPf/aaBridge/33d53be8d17429787d43b6ad8a9e9a0edb5ecc65/src/Books-L/53  Writer    -  Angel Blue  Endplays/220  Endplays 6 - The Trump Coup.lin,6,,LIN unspecified vulnerability treated as None
173,caf80fe9cdce,3ec8d1601f0a45cb,Trump coup,individual,False,False,True,45,0,6S S,6S S,True,980,12,,,,lin,https://raw.githubusercontent.com/RogerPf/aaBridge/33d53be8d17429787d43b6ad8a9e9a0edb5ecc65/src/Books-L/53  Writer    -  Angel Blue  Endplays/220  Endplays 6 - The Trump Coup.lin,7,,LIN unspecified vulnerability treated as None
174,563875ccc8c1,a7d4ac4ca9e7c745,Trump coup,individual,False,False,False,40,1,6NT N,6C S,False,990,12,,,,lin,https://raw.githubusercontent.com/RogerPf/aaBridge/33d53be8d17429787d43b6ad8a9e9a0edb5ecc65/src/Books-L/53  Writer    -  Angel Blue  Endplays/220  Endplays 6 - The Trump Coup.lin,8,,LIN unspecified vulnerability treated as None
175,59cc69139745,b6a188c018d76548,Trump coup,individual,False,False,True,44,0,7NT N,7C S,False,1520,13,,,,lin,https://raw.githubusercontent.com/RogerPf/aaBridge/33d53be8d17429787d43b6ad8a9e9a0edb5ecc65/src/Books-L/53  Writer    -  Angel Blue  Endplays/220  Endplays 6 - The Trump Coup.lin,9,,LIN unspecified vulnerability treated as None
176,5e49fc7be7a5,cc54a3d59a63ec92,Trump coup,individual,False,False,True,44,0,6NT N,6SX S,False,990,12,,,,lin,https://raw.githubusercontent.com/RogerPf/aaBridge/33d53be8d17429787d43b6ad8a9e9a0edb5ecc65/src/Books-L/53  Writer    -  Angel Blue  Endplays/220  Endplays 6 - The Trump Coup.lin,10,,LIN unspecified vulnerability treated as None
177,6bcc2dee0057,f66937b2dfb7778c,Crossruff,individual,False,False,False,52,2,6C E,5C E,True,-920,12,,,,lin,https://raw.githubusercontent.com/RogerPf/aaBridge/33d53be8d17429787d43b6ad8a9e9a0edb5ecc65/src/Books/33  Hondo717  -  Mentoring 2013/mentoring1303b.lin,1,,
178,7f936e1b07f8,ff6a318d4b1207ee,Elimination / endplay,individual,False,False,False,36,0,3NT N,4S S,False,430,10,,,,lin,https://raw.githubusercontent.com/RogerPf/aaBridge/33d53be8d17429787d43b6ad8a9e9a0edb5ecc65/src/Books-L/53  Writer    -  Angel Blue  Endplays/160  Endplays 3 - Exiting the Problem Suit.lin,1,,LIN unspecified vulnerability treated as None
179,1fa290d031a1,5d5eec6bb2ec3505,Elimination / endplay,individual,False,False,False,44,1,3NT N,4S S,False,430,10,,,,lin,https://raw.githubusercontent.com/RogerPf/aaBridge/33d53be8d17429787d43b6ad8a9e9a0edb5ecc65/src/Books-L/53  Writer    -  Angel Blue  Endplays/160  Endplays 3 - Exiting the Problem Suit.lin,2,,LIN unspecified vulnerability treated as None
180,f63ef7035a4b,f67e2514e1fe1600,Elimination / endplay,individual,False,False,False,39,0,5CX E,4H S,False,300,9,Crossruff,,,lin,https://raw.githubusercontent.com/RogerPf/aaBridge/33d53be8d17429787d43b6ad8a9e9a0edb5ecc65/src/Books-L/53  Writer    -  Angel Blue  Endplays/160  Endplays 3 - Exiting the Problem Suit.lin,4,,LIN unspecified vulnerability treated as None
181,cd7fd3168b89,322a5871949364a2,Elimination / endplay,individual,False,False,False,35,1,4S S,6S S,True,450,11,,,,lin,https://raw.githubusercontent.com/RogerPf/aaBridge/33d53be8d17429787d43b6ad8a9e9a0edb5ecc65/src/Books-L/53  Writer    -  Angel Blue  Endplays/160  Endplays 3 - Exiting the Problem Suit.lin,5,,LIN unspecified vulnerability treated as None
182,ab151e188ff8,8e7c2a6ba99461a4,Elimination / endplay,individual,False,False,False,20,0,6NT N,6S S,False,990,12,,,,lin,https://raw.githubusercontent.com/RogerPf/aaBridge/33d53be8d17429787d43b6ad8a9e9a0edb5ecc65/src/Books-L/53  Writer    -  Angel Blue  Endplays/160  Endplays 3 - Exiting the Problem Suit.lin,6,,LIN unspecified vulnerability treated as None
183,628462e7f5ea,871f89aa88eac20a,Squeeze,individual,False,False,False,1,1,3NT N,6D S,False,460,11,,,,lin,https://raw.githubusercontent.com/RogerPf/aaBridge/33d53be8d17429787d43b6ad8a9e9a0edb5ecc65/src/Books-L/52  Writer    -  Angel Blue  Problems 2018/115__Squeezes__B.lin,1,,
184,a01d33c20588,d2523a8fb6219ae0,Squeeze,individual,False,False,False,1,0,6NT N,6NT S,False,990,12,,,,lin,https://raw.githubusercontent.com/RogerPf/aaBridge/33d53be8d17429787d43b6ad8a9e9a0edb5ecc65/src/Books-L/52  Writer    -  Angel Blue  Problems 2018/115__Squeezes__B.lin,3,,
185,0a46c2fcf366,513d3ba8b6de62a4,Squeeze,individual,False,False,False,1,0,5DX W,4S S,False,300,9,Crossruff,,,lin,https://raw.githubusercontent.com/RogerPf/aaBridge/33d53be8d17429787d43b6ad8a9e9a0edb5ecc65/src/Books-L/52  Writer    -  Angel Blue  Problems 2018/115__Squeezes__B.lin,5,,
186,8ab021dabd3e,5f56cc790e67bc22,Squeeze,individual,False,False,True,1,1,6NT N,7C S,False,990,12,,,,lin,https://raw.githubusercontent.com/RogerPf/aaBridge/33d53be8d17429787d43b6ad8a9e9a0edb5ecc65/src/Books-L/52  Writer    -  Angel Blue  Problems 2018/115__Squeezes__B.lin,7,,
187,b245d7cc8863,197d5f311c0c68c1,Squeeze,individual,False,False,False,1,0,7NT N,7NT S,False,1520,13,,,,lin,https://raw.githubusercontent.com/RogerPf/aaBridge/33d53be8d17429787d43b6ad8a9e9a0edb5ecc65/src/Books-L/52  Writer    -  Angel Blue  Problems 2018/115__Squeezes__B.lin,9,,
188,344ebf45bcb1,62ec71a059fcbc10,Squeeze,individual,False,False,True,1,1,6NT N,6NT S,False,990,12,,,,lin,https://raw.githubusercontent.com/RogerPf/aaBridge/33d53be8d17429787d43b6ad8a9e9a0edb5ecc65/src/Books-L/52  Writer    -  Angel Blue  Problems 2018/115__Squeezes__B.lin,11,,
189,fff268666769,4de1f67084269fc2,Squeeze,individual,False,False,False,1,1,6HX E,6C S,False,800,8,Dummy reversal,,,lin,https://raw.githubusercontent.com/RogerPf/aaBridge/33d53be8d17429787d43b6ad8a9e9a0edb5ecc65/src/Books-L/52  Writer    -  Angel Blue  Problems 2018/115__Squeezes__B.lin,13,,
190,ee2574c99666,318e2d3419347d09,Dummy reversal,individual,False,False,,,,7S S,7S S,True,2210,13,,,Illegal source card at ply 42,lin,https://raw.githubusercontent.com/RogerPf/aaBridge/33d53be8d17429787d43b6ad8a9e9a0edb5ecc65/src/Books-L/52  Writer    -  Angel Blue  Problems 2017/1105__Problem_10.5.lin,1,,
191,427749b2b6a7,001c74d4582bcfbb,Crossruff,individual,True,True,True,32,0,4H W,4H W,True,-450,11,Crossruff,,,lin,https://raw.githubusercontent.com/RogerPf/aaBridge/33d53be8d17429787d43b6ad8a9e9a0edb5ecc65/src/Books/37  Hondo717  -  Mentoring 2009/mentoring090820.lin,11,,
192,bd9c9755493b,801bfcb4a77c8a8e,Crossruff,individual,False,False,False,52,1,2D E,2D E,True,-90,8,,,,lin,https://raw.githubusercontent.com/RogerPf/aaBridge/33d53be8d17429787d43b6ad8a9e9a0edb5ecc65/src/Books/23  Hondo717  -  Mentoring 2023/mentoring2304b.lin,1,,
193,ec34b6e149d7,cd997a614075dd37,Crossruff,individual,True,True,True,32,1,4DX S,4DX S,True,-100,9,Crossruff,,,lin,https://raw.githubusercontent.com/RogerPf/aaBridge/33d53be8d17429787d43b6ad8a9e9a0edb5ecc65/src/Books/31  Hondo717  -  Mentoring 2015/mentoring1502a.lin,1,,
194,e6705a025890,a86bd0454a8e3cfd,Dummy reversal,individual,False,False,True,1,1,7C N,7S S,False,1440,13,,,,lin,https://raw.githubusercontent.com/RogerPf/aaBridge/33d53be8d17429787d43b6ad8a9e9a0edb5ecc65/src/Books/31  Hondo717  -  Mentoring 2015/mentoring1509d.lin,6,,
195,23e282721156,c2d30272d5c492b6,Squeeze,individual,True,True,,,,7NT N,7NT S,False,1520,13,Squeeze,,,pbn,https://raw.githubusercontent.com/bridge-craftwork/Bridge-Classroom/0d0fd025141a41a5c23ac63ebf6c1104d90f3715/public/data/Squeeze.pbn,1,,
196,9e3b5c3dd9f9,17ac14b9df6ff83b,Squeeze,individual,False,False,,,,7C S,7C S,True,1440,13,,,,pbn,https://raw.githubusercontent.com/bridge-craftwork/Bridge-Classroom/0d0fd025141a41a5c23ac63ebf6c1104d90f3715/public/data/Squeeze.pbn,2,,
197,6f576121cf7b,d3484f3b6526a213,Squeeze,individual,False,False,,,,6NT N,6NT S,False,990,12,,,,pbn,https://raw.githubusercontent.com/bridge-craftwork/Bridge-Classroom/0d0fd025141a41a5c23ac63ebf6c1104d90f3715/public/data/Squeeze.pbn,3,,
198,1a12f64e7e19,c617a8cf466d88a6,Squeeze,individual,False,False,,,,6NT N,6NT S,False,990,12,,,,pbn,https://raw.githubusercontent.com/bridge-craftwork/Bridge-Classroom/0d0fd025141a41a5c23ac63ebf6c1104d90f3715/public/data/Squeeze.pbn,4,,
199,cda286ae8844,34ab75baf3b6a4be,Squeeze,individual,False,False,,,,6NT N,6NT S,False,990,12,,,,pbn,https://raw.githubusercontent.com/bridge-craftwork/Bridge-Classroom/0d0fd025141a41a5c23ac63ebf6c1104d90f3715/public/data/Squeeze.pbn,5,,
200,8ff6b508abf2,7750dc3c3687853c,Squeeze,individual,False,False,,,,6D S,6D S,True,920,12,,,,pbn,https://raw.githubusercontent.com/bridge-craftwork/Bridge-Classroom/0d0fd025141a41a5c23ac63ebf6c1104d90f3715/public/data/Squeeze.pbn,6,,
201,c95cc0b8cc51,d0175952da2425da,Squeeze,individual,False,False,,,,4NT N,4H S,False,430,10,,,,pbn,https://raw.githubusercontent.com/bridge-craftwork/Bridge-Classroom/0d0fd025141a41a5c23ac63ebf6c1104d90f3715/public/data/Squeeze.pbn,7,,
202,c9ac2fe799fe,5b94bfef75e2e351,Squeeze,individual,False,False,,,,7HX W,6C S,False,800,9,,,,pbn,https://raw.githubusercontent.com/bridge-craftwork/Bridge-Classroom/0d0fd025141a41a5c23ac63ebf6c1104d90f3715/public/data/Squeeze.pbn,8,,
203,eccb7ff94cfe,2e68512311180a21,Squeeze,individual,False,False,,,,7NT N,7NT S,False,1520,13,,,,pbn,https://raw.githubusercontent.com/bridge-craftwork/Bridge-Classroom/0d0fd025141a41a5c23ac63ebf6c1104d90f3715/public/data/Squeeze.pbn,9,,
204,90c8c74a2a12,a9c3bdfcdb218586,Squeeze,individual,False,False,,,,6C N,6NT S,False,920,12,,,,pbn,https://raw.githubusercontent.com/bridge-craftwork/Bridge-Classroom/0d0fd025141a41a5c23ac63ebf6c1104d90f3715/public/data/Squeeze.pbn,10,,
205,ba430879af58,a523fc04304fcaad,Squeeze,individual,False,False,,,,3NT N,6NT S,False,460,11,,,,pbn,https://raw.githubusercontent.com/bridge-craftwork/Bridge-Classroom/0d0fd025141a41a5c23ac63ebf6c1104d90f3715/public/data/Squeeze.pbn,11,,
206,604239c10d94,9e0d00bb68437364,Squeeze,individual,False,False,,,,4NT N,6H S,False,460,11,,,,pbn,https://raw.githubusercontent.com/bridge-craftwork/Bridge-Classroom/0d0fd025141a41a5c23ac63ebf6c1104d90f3715/public/data/Squeeze.pbn,12,,
207,057fc1c5fd4a,6ad2b52f80832e0a,Squeeze,individual,True,True,,,,7NT N,7NT S,False,1520,13,Squeeze,,,pbn,https://raw.githubusercontent.com/bridge-craftwork/Bridge-Classroom/0d0fd025141a41a5c23ac63ebf6c1104d90f3715/public/data/Squeeze.pbn,13,,
208,a0715a147210,6ccf38d58fbf3ba0,Squeeze,individual,True,False,,,,7D N,7NT S,False,1440,13,Squeeze,,,pbn,https://raw.githubusercontent.com/bridge-craftwork/Bridge-Classroom/0d0fd025141a41a5c23ac63ebf6c1104d90f3715/public/data/Squeeze.pbn,14,,
209,f91bebfb8c1f,99d95e32f549a1cc,Squeeze,individual,False,False,,,,6H S,6H S,True,980,12,,,,pbn,https://raw.githubusercontent.com/bridge-craftwork/Bridge-Classroom/0d0fd025141a41a5c23ac63ebf6c1104d90f3715/public/data/Squeeze.pbn,15,,
210,6b1c3fd6a150,0d7d4fff8c1d1bbc,Squeeze,individual,False,False,,,,3NT N,3NT S,False,400,9,,,,pbn,https://raw.githubusercontent.com/bridge-craftwork/Bridge-Classroom/0d0fd025141a41a5c23ac63ebf6c1104d90f3715/public/data/Squeeze.pbn,16,,
211,59f221f7cd50,8296136bbb30d0f6,Squeeze,individual,False,False,,,,6NT N,7C S,False,990,12,,,,pbn,https://raw.githubusercontent.com/bridge-craftwork/Bridge-Classroom/0d0fd025141a41a5c23ac63ebf6c1104d90f3715/public/data/Squeeze.pbn,17,,
212,beb747a023e6,e6fe8f336b3b372e,Squeeze,individual,False,False,,,,6SX W,6H S,False,500,9,,,,pbn,https://raw.githubusercontent.com/bridge-craftwork/Bridge-Classroom/0d0fd025141a41a5c23ac63ebf6c1104d90f3715/public/data/Squeeze.pbn,18,,
213,df9bbfafbc70,f898c98af67ba382,Squeeze,individual,False,False,,,,4NT N,6H S,False,460,11,,,,pbn,https://raw.githubusercontent.com/bridge-craftwork/Bridge-Classroom/0d0fd025141a41a5c23ac63ebf6c1104d90f3715/public/data/Squeeze.pbn,19,,
214,305155253156,5b868ca428609ba2,Squeeze,individual,False,False,,,,3S S,4S S,True,140,9,,,,pbn,https://raw.githubusercontent.com/bridge-craftwork/Bridge-Classroom/0d0fd025141a41a5c23ac63ebf6c1104d90f3715/public/data/Squeeze.pbn,20,,
215,8ce7a965770d,2bbd343bff06c8b4,Squeeze,book-topic,False,False,,,,2D N,1NT S,False,90,8,,,,pbn,https://www.sackab.fi/data/deep_finesse_files/Geza_ottlik_PBN.zip,1,ottlik_ch16_all.pbn,
216,8f815b210267,5ad37428ad70a45a,Squeeze,book-topic,False,False,,,,6NT N,6NT S,False,990,12,,,,pbn,https://www.sackab.fi/data/deep_finesse_files/Geza_ottlik_PBN.zip,2,ottlik_ch16_all.pbn,
217,59be1839f27e,3854e67e582a5b19,Squeeze,book-topic,False,False,,,,3NT N,6NT S,False,660,11,,,,pbn,https://www.sackab.fi/data/deep_finesse_files/Geza_ottlik_PBN.zip,3,ottlik_ch16_all.pbn,
218,01ca7874a9f7,26c5ac4a257e6e0e,Squeeze,book-topic,False,False,,,,6NT N,6NT S,False,1440,12,,,,pbn,https://www.sackab.fi/data/deep_finesse_files/Geza_ottlik_PBN.zip,4,ottlik_ch16_all.pbn,
219,815598aaa609,edfb174dfed29b15,Squeeze,book-topic,False,False,,,,1NT N,3NT S,False,120,8,,,,pbn,https://www.sackab.fi/data/deep_finesse_files/Geza_ottlik_PBN.zip,5,ottlik_ch16_all.pbn,
220,d728447a0d87,45a2b0260cac91b7,Squeeze,book-topic,False,False,,,,6NT N,6NT S,False,1440,12,,,,pbn,https://www.sackab.fi/data/deep_finesse_files/Geza_ottlik_PBN.zip,6,ottlik_ch16_all.pbn,
221,45ff90819010,5230a2ba3359f376,Squeeze,book-topic,False,False,,,,5D E,3NT S,False,-400,11,,,,pbn,https://www.sackab.fi/data/deep_finesse_files/Geza_ottlik_PBN.zip,7,ottlik_ch16_all.pbn,
222,a87e8e023ffd,9c98b4889914ff4a,Squeeze,book-topic,False,False,,,,3NT N,3NT S,False,400,9,,,,pbn,https://www.sackab.fi/data/deep_finesse_files/Geza_ottlik_PBN.zip,8,ottlik_ch16_all.pbn,
223,482ac83d9e44,0d214580beeb4539,Squeeze,book-topic,False,False,,,,3NT N,3NT S,False,600,9,,,,pbn,https://www.sackab.fi/data/deep_finesse_files/Geza_ottlik_PBN.zip,9,ottlik_ch16_all.pbn,
224,5c3f843ef660,2a6d7b233afc0b18,Squeeze,book-topic,False,False,,,,2H S,1NT S,False,140,9,,,,pbn,https://www.sackab.fi/data/deep_finesse_files/Geza_ottlik_PBN.zip,10,ottlik_ch16_all.pbn,
225,9c347e836df1,8e551aad7409ac8d,Squeeze,book-topic,False,False,,,,7CX E,6NT S,False,1100,8,Crossruff,,,pbn,https://www.sackab.fi/data/deep_finesse_files/Geza_ottlik_PBN.zip,11,ottlik_ch16_all.pbn,
226,07e66d8b9ce6,2c71c920257e7837,Squeeze,book-topic,False,False,,,,3NT N,6NT S,False,660,11,,,,pbn,https://www.sackab.fi/data/deep_finesse_files/Geza_ottlik_PBN.zip,12,ottlik_ch16_all.pbn,
227,3381cbd74423,0f4d1848d358eaf3,Squeeze,book-topic,False,False,,,,1NT N,3NT S,False,120,8,,,,pbn,https://www.sackab.fi/data/deep_finesse_files/Geza_ottlik_PBN.zip,1,ottlik_ch03_all.pbn,
228,84a5ab1de7ce,2d95e0cb8bee32f0,Squeeze,book-topic,False,False,,,,3NT N,6D S,False,460,11,,,,pbn,https://www.sackab.fi/data/deep_finesse_files/Geza_ottlik_PBN.zip,2,ottlik_ch03_all.pbn,
229,2dd2c5376b2c,b2982cc3542f9c8f,Squeeze,book-topic,False,False,,,,3NT N,5C S,False,630,10,,,,pbn,https://www.sackab.fi/data/deep_finesse_files/Geza_ottlik_PBN.zip,3,ottlik_ch03_all.pbn,
230,76581dbe8dad,6d8ee8103012344a,Squeeze,book-topic,False,False,,,,6NT N,6NT S,False,1440,12,,,,pbn,https://www.sackab.fi/data/deep_finesse_files/Geza_ottlik_PBN.zip,4,ottlik_ch03_all.pbn,
231,c478848dac66,0478e0d5d962c0ae,Squeeze,book-topic,False,False,,,,6C S,6NT S,False,920,12,,,,pbn,https://www.sackab.fi/data/deep_finesse_files/Geza_ottlik_PBN.zip,5,ottlik_ch03_all.pbn,
232,85d305300816,bc4e84ba35300313,Squeeze,book-topic,False,False,,,,2S W,3NT S,False,-110,8,,,,pbn,https://www.sackab.fi/data/deep_finesse_files/Geza_ottlik_PBN.zip,6,ottlik_ch03_all.pbn,
233,aa32277de91b,85dd55a8c8ce7b39,Squeeze,book-topic,False,False,,,,2NTX N,3NT S,False,-100,7,,,,pbn,https://www.sackab.fi/data/deep_finesse_files/Geza_ottlik_PBN.zip,7,ottlik_ch03_all.pbn,
234,8a0fad0c7c4a,cc50fe897c4bfb95,Squeeze,book-topic,False,False,,,,1NT N,3NT S,False,120,8,,,,pbn,https://www.sackab.fi/data/deep_finesse_files/Geza_ottlik_PBN.zip,8,ottlik_ch03_all.pbn,
235,6192c6f19b1d,ccd527c4e019b72f,Squeeze,book-topic,False,False,,,,1NT N,3NT S,False,120,8,,,,pbn,https://www.sackab.fi/data/deep_finesse_files/Geza_ottlik_PBN.zip,9,ottlik_ch03_all.pbn,
236,f6b8668006b3,388834eafca23558,Squeeze,book-topic,False,False,,,,6C S,6NT S,False,920,12,,,,pbn,https://www.sackab.fi/data/deep_finesse_files/Geza_ottlik_PBN.zip,10,ottlik_ch03_all.pbn,
237,5f308d49fa46,c60783741261a6ce,Squeeze,book-topic,False,False,,,,7NT N,7NT S,False,2220,13,,,,pbn,https://www.sackab.fi/data/deep_finesse_files/Geza_ottlik_PBN.zip,11,ottlik_ch03_all.pbn,
238,9710e2719239,0de910450e0490d1,Squeeze,book-topic,False,False,,,,6NT N,6NT S,False,1440,12,,,,pbn,https://www.sackab.fi/data/deep_finesse_files/Geza_ottlik_PBN.zip,12,ottlik_ch03_all.pbn,
239,1f1665a74e16,bfbb210410d43690,Squeeze,book-topic,False,False,,,,2C W,2S S,False,-130,10,,,,pbn,https://www.sackab.fi/data/deep_finesse_files/Geza_ottlik_PBN.zip,1,ottlik_ch08_all.pbn,
240,9ba50b2ede2c,fa1c9df62ab3fb87,Squeeze,book-topic,False,False,,,,4H S,3H S,True,420,10,Crossruff,,,pbn,https://www.sackab.fi/data/deep_finesse_files/Geza_ottlik_PBN.zip,2,ottlik_ch08_all.pbn,
241,ca133d6f730c,e8688e2cfe4a8594,Squeeze,book-topic,False,False,,,,2H N,3H S,False,110,8,Crossruff,,,pbn,https://www.sackab.fi/data/deep_finesse_files/Geza_ottlik_PBN.zip,3,ottlik_ch08_all.pbn,
242,c3c247b158d5,60b4a517966e3968,Squeeze,book-topic,False,False,,,,2D S,3D S,True,90,8,,,,pbn,https://www.sackab.fi/data/deep_finesse_files/Geza_ottlik_PBN.zip,4,ottlik_ch08_all.pbn,
243,e98e3d054565,d11d59d443bf275d,Squeeze,book-topic,False,False,,,,6D S,6D S,True,920,12,Crossruff,,,pbn,https://www.sackab.fi/data/deep_finesse_files/Geza_ottlik_PBN.zip,5,ottlik_ch08_all.pbn,
244,946acf300830,49b00554fd2eb2b2,Squeeze,book-topic,False,False,,,,3S S,4S S,True,140,9,Crossruff,,,pbn,https://www.sackab.fi/data/deep_finesse_files/Geza_ottlik_PBN.zip,6,ottlik_ch08_all.pbn,
245,c8484aa00442,e5719b8c4179c22d,Squeeze,book-topic,False,False,,,,3CX N,3C S,False,-100,8,,,,pbn,https://www.sackab.fi/data/deep_finesse_files/Geza_ottlik_PBN.zip,7,ottlik_ch08_all.pbn,
246,e6bf373e5f09,3397b3eb77fa4fa5,Squeeze,book-topic,False,False,,,,4S S,4S S,True,420,10,Crossruff,,,pbn,https://www.sackab.fi/data/deep_finesse_files/Geza_ottlik_PBN.zip,8,ottlik_ch08_all.pbn,
247,0d6d35c0f8f6,8e2cee18b9308fb9,Squeeze,book-topic,False,False,,,,4S N,4S S,False,620,10,,,,pbn,https://www.sackab.fi/data/deep_finesse_files/Geza_ottlik_PBN.zip,9,ottlik_ch08_all.pbn,
248,80419252be5d,0a6598fe060c9494,Squeeze,book-topic,False,False,,,,4S N,4S S,False,420,10,,,,pbn,https://www.sackab.fi/data/deep_finesse_files/Geza_ottlik_PBN.zip,10,ottlik_ch08_all.pbn,
249,fd6eb8b8d576,3cc1535dfb6bbc7b,Squeeze,book-topic,False,False,,,,5C N,6C S,False,600,11,Elimination / endplay,,,pbn,https://www.sackab.fi/data/deep_finesse_files/Geza_ottlik_PBN.zip,11,ottlik_ch08_all.pbn,
250,6dcaef798f6e,7362ce1791046f01,Squeeze,book-topic,False,False,,,,5CX N,5C S,False,-200,10,Crossruff,,,pbn,https://www.sackab.fi/data/deep_finesse_files/Geza_ottlik_PBN.zip,12,ottlik_ch08_all.pbn,
251,66db480b9a82,b85b6ed1031645a0,Squeeze,book-topic,False,False,,,,5C N,5C S,False,400,11,Crossruff; Dummy reversal,,,pbn,https://www.sackab.fi/data/deep_finesse_files/Geza_ottlik_PBN.zip,13,ottlik_ch08_all.pbn,
252,4731263e4fa8,c073d4a4f5397248,Squeeze,book-topic,False,False,,,,4SX S,4S S,True,-200,9,Crossruff,,,pbn,https://www.sackab.fi/data/deep_finesse_files/Geza_ottlik_PBN.zip,14,ottlik_ch08_all.pbn,
253,38f9b9c89ebe,e48059f7a57d918c,Squeeze,book-topic,False,False,,,,5SX E,5D S,False,300,9,,,,pbn,https://www.sackab.fi/data/deep_finesse_files/Geza_ottlik_PBN.zip,1,ottlik_ch10_all.pbn,
254,686933b302bc,723dce1606391f44,Squeeze,book-topic,False,False,,,,3NT N,3NT S,False,400,9,,,,pbn,https://www.sackab.fi/data/deep_finesse_files/Geza_ottlik_PBN.zip,2,ottlik_ch10_all.pbn,
255,b5be8c24e9ca,dc4948af6a464705,Squeeze,book-topic,False,False,,,,3NT N,3NT S,False,600,9,,,,pbn,https://www.sackab.fi/data/deep_finesse_files/Geza_ottlik_PBN.zip,3,ottlik_ch10_all.pbn,
256,27cae67f7c23,e9fe3495e581f4b9,Squeeze,book-topic,False,False,,,,4SX W,3NT S,False,300,8,,,,pbn,https://www.sackab.fi/data/deep_finesse_files/Geza_ottlik_PBN.zip,4,ottlik_ch10_all.pbn,
257,d63a8258e591,65e60e6ee5974605,Squeeze,book-topic,False,False,,,,2D N,3NT S,False,130,10,,,,pbn,https://www.sackab.fi/data/deep_finesse_files/Geza_ottlik_PBN.zip,5,ottlik_ch10_all.pbn,
258,9863a64a9f0d,ba1ea9c29417f9cb,Squeeze,book-topic,False,False,,,,4HX W,4S S,False,500,8,,,,pbn,https://www.sackab.fi/data/deep_finesse_files/Geza_ottlik_PBN.zip,6,ottlik_ch10_all.pbn,
259,27800ab4ff6a,0a00c1f7abc41d5e,Squeeze,book-topic,False,False,,,,6SX E,6C S,False,500,9,Crossruff,,,pbn,https://www.sackab.fi/data/deep_finesse_files/Geza_ottlik_PBN.zip,7,ottlik_ch10_all.pbn,
260,407488f8566c,6dabc249b81e31f3,Squeeze,book-topic,False,False,,,,4NT N,4S S,False,430,10,,,,pbn,https://www.sackab.fi/data/deep_finesse_files/Geza_ottlik_PBN.zip,8,ottlik_ch10_all.pbn,
261,89c36ee44cc3,d3ba196c28492fd1,Squeeze,book-topic,False,False,,,,4HX W,4S S,False,500,8,,,,pbn,https://www.sackab.fi/data/deep_finesse_files/Geza_ottlik_PBN.zip,9,ottlik_ch10_all.pbn,
262,03b9212aecc5,444edd1a015db0b1,Squeeze,book-topic,False,False,,,,1NT N,2NT S,False,120,8,,,,pbn,https://www.sackab.fi/data/deep_finesse_files/Geza_ottlik_PBN.zip,10,ottlik_ch10_all.pbn,
263,09a336e4c359,67e08d29f44214a8,Squeeze,book-topic,False,False,,,,2NT N,2NT S,False,120,8,,,,pbn,https://www.sackab.fi/data/deep_finesse_files/Geza_ottlik_PBN.zip,11,ottlik_ch10_all.pbn,
264,e4c2648d42f4,af86fc5a1eb0b239,Squeeze,book-topic,False,False,,,,1NT N,2NT S,False,120,8,,,,pbn,https://www.sackab.fi/data/deep_finesse_files/Geza_ottlik_PBN.zip,12,ottlik_ch10_all.pbn,
265,891598e4ff80,3001630c63cb4b90,Squeeze,book-topic,False,False,,,,2NT N,3NT S,False,120,8,,,,pbn,https://www.sackab.fi/data/deep_finesse_files/Geza_ottlik_PBN.zip,13,ottlik_ch10_all.pbn,
266,649609155f24,def8e1180058396c,Squeeze,book-topic,False,False,,,,5HX W,6D S,False,500,8,,,,pbn,https://www.sackab.fi/data/deep_finesse_files/Geza_ottlik_PBN.zip,14,ottlik_ch10_all.pbn,
267,2a18fa0377c7,b2bbf4dbb0ac7927,Squeeze,book-topic,False,False,,,,3NT N,3NT S,False,400,9,,,,pbn,https://www.sackab.fi/data/deep_finesse_files/Geza_ottlik_PBN.zip,15,ottlik_ch10_all.pbn,
268,1ca769330c27,38f828c16e6306d9,Elimination / endplay,individual,False,False,False,24,0,6H S,6H S,True,980,12,,,,lin,https://raw.githubusercontent.com/RogerPf/aaBridge/33d53be8d17429787d43b6ad8a9e9a0edb5ecc65/src/Books-L/53  Writer    -  Angel Blue  Endplays/190  Endplays 4 - Quiz.lin,5,,LIN unspecified vulnerability treated as None
269,129db6c44d0c,8dee8ec14a61dbef,Elimination / endplay,individual,False,False,False,32,0,3NT N,3NT S,False,400,9,,,,lin,https://raw.githubusercontent.com/RogerPf/aaBridge/33d53be8d17429787d43b6ad8a9e9a0edb5ecc65/src/Books-L/53  Writer    -  Angel Blue  Endplays/190  Endplays 4 - Quiz.lin,7,,LIN unspecified vulnerability treated as None
270,22e912bb01f5,fb38ff0eab71ad6c,Crossruff,individual,False,False,True,44,0,4S W,4S W,True,-450,11,,,,lin,https://raw.githubusercontent.com/RogerPf/aaBridge/33d53be8d17429787d43b6ad8a9e9a0edb5ecc65/src/Books/22  Hondo717  -  Mentoring 2024/mentoring2411a.lin,1,,
271,8164772909f8,d5ff52ee60b2aa77,Squeeze,individual,False,False,True,13,1,1NT N,3NT S,False,120,8,,,,lin,https://raw.githubusercontent.com/RogerPf/aaBridge/33d53be8d17429787d43b6ad8a9e9a0edb5ecc65/src/Books-L/58  Writer    -  Roger on Squeezes/108_Q_a__Angel_Blue_Problems_A.lin,1,,
272,0e42825969b6,ea2b88e598c80c16,Squeeze,individual,False,False,False,17,1,1NT N,3NT S,False,120,8,,,,lin,https://raw.githubusercontent.com/RogerPf/aaBridge/33d53be8d17429787d43b6ad8a9e9a0edb5ecc65/src/Books-L/58  Writer    -  Roger on Squeezes/108_Q_a__Angel_Blue_Problems_A.lin,3,,
273,d3177910fe9f,433391f55d056286,Squeeze,individual,False,False,False,1,0,6H S,6H S,True,980,12,,,,lin,https://raw.githubusercontent.com/RogerPf/aaBridge/33d53be8d17429787d43b6ad8a9e9a0edb5ecc65/src/Books-L/58  Writer    -  Roger on Squeezes/108_Q_a__Angel_Blue_Problems_A.lin,5,,
274,98ba836e05d9,6238763ab148e16d,Squeeze,individual,False,False,False,5,0,6D S,6D S,True,920,12,,,,lin,https://raw.githubusercontent.com/RogerPf/aaBridge/33d53be8d17429787d43b6ad8a9e9a0edb5ecc65/src/Books-L/58  Writer    -  Roger on Squeezes/108_Q_a__Angel_Blue_Problems_A.lin,7,,
275,1238dd53d698,8a684fe89dadcc3b,Squeeze,individual,False,False,False,1,0,6NT N,6NT S,False,990,12,,,,lin,https://raw.githubusercontent.com/RogerPf/aaBridge/33d53be8d17429787d43b6ad8a9e9a0edb5ecc65/src/Books-L/58  Writer    -  Roger on Squeezes/108_Q_a__Angel_Blue_Problems_A.lin,13,,
276,edb1cc4f40eb,c29d4e26e1d523e2,Squeeze,individual,False,False,False,17,0,3NT N,3NT S,False,400,9,,,,lin,https://raw.githubusercontent.com/RogerPf/aaBridge/33d53be8d17429787d43b6ad8a9e9a0edb5ecc65/src/Books-L/58  Writer    -  Roger on Squeezes/108_Q_a__Angel_Blue_Problems_A.lin,15,,
277,812f0863d6b8,7ad4a824c5c3d0f8,Squeeze,individual,False,False,False,17,1,1NT N,3NT S,False,120,8,,,,lin,https://raw.githubusercontent.com/RogerPf/aaBridge/33d53be8d17429787d43b6ad8a9e9a0edb5ecc65/src/Books-L/58  Writer    -  Roger on Squeezes/108_Q_a__Angel_Blue_Problems_A.lin,17,,
278,1e76291fd5f0,643567057b072c1f,Dummy reversal,individual,False,False,True,1,1,6H N,6H S,False,980,12,,,,lin,https://raw.githubusercontent.com/RogerPf/aaBridge/33d53be8d17429787d43b6ad8a9e9a0edb5ecc65/src/Books-L/52  Writer    -  Angel Blue  Problems 2018/122__Problems__wk__22.lin,1,,
279,c155092d30d8,75356ef838caa927,Dummy reversal,individual,False,False,True,1,1,6NT N,7H S,False,990,12,,,,lin,https://raw.githubusercontent.com/RogerPf/aaBridge/33d53be8d17429787d43b6ad8a9e9a0edb5ecc65/src/Books-L/52  Writer    -  Angel Blue  Problems 2018/122__Problems__wk__22.lin,3,,
280,cc4b9aa64c0b,58c2cc8c782c970a,Crossruff,individual,False,True,False,52,3,4S S,5D N,False,420,10,,,,lin,https://raw.githubusercontent.com/RogerPf/aaBridge/33d53be8d17429787d43b6ad8a9e9a0edb5ecc65/src/Books/39  Hondo717  -  Mentoring 2007/mentoring070924.lin,6,,
281,a4057141f54a,a1a7c79c9c4c75a4,Crossruff,individual,False,False,,,,4S E,4S E,True,-420,10,,,Illegal source card at ply 1,lin,https://raw.githubusercontent.com/RogerPf/aaBridge/33d53be8d17429787d43b6ad8a9e9a0edb5ecc65/src/Books/23  Hondo717  -  Mentoring 2023/mentoring2301c.lin,6,,
282,faed3c993de5,c62a12aa415c7a3b,Crossruff,individual,True,True,,,,4H S,4H S,True,420,10,Crossruff,,Illegal source card at ply 1,lin,https://raw.githubusercontent.com/RogerPf/aaBridge/33d53be8d17429787d43b6ad8a9e9a0edb5ecc65/src/Books/81  Watson/022  Watson 1 - 16.lin,1,,LIN unspecified vulnerability treated as None
283,6cc20d4915a1,1216d73ae694a394,Crossruff,individual,True,True,True,44,2,6H S,6H S,True,980,12,Crossruff,,,lin,https://raw.githubusercontent.com/RogerPf/aaBridge/33d53be8d17429787d43b6ad8a9e9a0edb5ecc65/src/Books/81  Watson/022  Watson 1 - 16.lin,2,,LIN unspecified vulnerability treated as None
284,7ebf91e39901,ff9dfe83e6899a9d,Crossruff,individual,True,False,False,36,1,4DX N,2H W,False,-100,9,Crossruff,,,lin,https://raw.githubusercontent.com/RogerPf/aaBridge/33d53be8d17429787d43b6ad8a9e9a0edb5ecc65/src/Books-B/52  Peter51  -  Peter Nantais/IMPS vs MP 2.lin,3,,
285,6c0d9af66937,1c50ad33bbc9e92c,Crossruff,individual,False,False,True,44,0,4H S,4H S,True,650,11,,,,lin,https://raw.githubusercontent.com/RogerPf/aaBridge/33d53be8d17429787d43b6ad8a9e9a0edb5ecc65/src/Books/29  Hondo717  -  Mentoring 2017/mentoring1701d.lin,7,,
286,3d77d75e5a8b,6eb558792c4185ae,Crossruff,individual,False,False,True,52,2,3S W,4SX W,True,-140,9,,,,lin,https://raw.githubusercontent.com/RogerPf/aaBridge/33d53be8d17429787d43b6ad8a9e9a0edb5ecc65/src/Books/27  Hondo717  -  Mentoring 2019/mentoring1904b.lin,4,,
287,e3b4af511954,24005481961a5eb7,Dummy reversal,individual,False,False,,,,4H S,4H S,True,420,10,,,Illegal source card at ply 37,lin,https://raw.githubusercontent.com/RogerPf/aaBridge/33d53be8d17429787d43b6ad8a9e9a0edb5ecc65/src/Books-L/52  Writer    -  Angel Blue  Problems 2017/1036__Problem__3.6.lin,1,,LIN unspecified vulnerability treated as None
288,f0639b65772e,3c658196a831c1be,Trump coup,individual,False,False,,,,3NT E,4H W,False,-460,11,,,,pbn,https://web.mit.edu/mitdlbc/www/session_notes/2012-03-13_12.pbn,1,,
289,58df99dd00f4,00dbb8bfe20f3b3d,Trump coup,individual,False,False,False,5,0,6S S,6S S,True,1430,12,,,,lin,https://raw.githubusercontent.com/RogerPf/aaBridge/33d53be8d17429787d43b6ad8a9e9a0edb5ecc65/src/Books/81  Watson/041  Watson 2 - 6.lin,9,,
290,8c6a19a4ac82,eb5c083ecf7e1fbf,Trump coup,individual,False,False,,,,4S S,4S S,True,620,10,,,Illegal source card at ply 2,lin,https://raw.githubusercontent.com/RogerPf/aaBridge/33d53be8d17429787d43b6ad8a9e9a0edb5ecc65/src/Books/81  Watson/041  Watson 2 - 6.lin,11,,
291,b8b104198baa,90867bcc95966b7f,Crossruff,individual,False,True,False,52,3,3NTX N,5HX E,False,-100,8,,,,lin,https://raw.githubusercontent.com/RogerPf/aaBridge/33d53be8d17429787d43b6ad8a9e9a0edb5ecc65/src/Books/31  Hondo717  -  Mentoring 2015/mentoring1512c.lin,2,,
292,48e38ecba391,35a258a3e4aa85cd,Dummy reversal,individual,False,False,True,40,0,6H S,6H S,True,980,12,,,,lin,https://raw.githubusercontent.com/RogerPf/aaBridge/33d53be8d17429787d43b6ad8a9e9a0edb5ecc65/src/Books-L/25  Lessons  -  Declarer Play Lessons/180  8  dummyreversal.lin,2,,LIN unspecified vulnerability treated as None
293,05a5ffcbbfb2,10c383f153ed9ec5,Dummy reversal,individual,True,True,True,32,0,4S S,4S S,True,420,10,Dummy reversal,,,lin,https://raw.githubusercontent.com/RogerPf/aaBridge/33d53be8d17429787d43b6ad8a9e9a0edb5ecc65/src/Books-L/25  Lessons  -  Declarer Play Lessons/180  8  dummyreversal.lin,3,,
294,0882a234f0ea,69a33a52b0d83e48,Dummy reversal,individual,False,False,True,40,0,4SX E,4H S,False,300,8,,,,lin,https://raw.githubusercontent.com/RogerPf/aaBridge/33d53be8d17429787d43b6ad8a9e9a0edb5ecc65/src/Books-L/25  Lessons  -  Declarer Play Lessons/180  8  dummyreversal.lin,4,,
295,fa3f107c8ca0,e707a5b0e4e66f42,Dummy reversal,individual,True,True,,,,6H S,6H S,True,1430,12,Dummy reversal,,Illegal source card at ply 1,lin,https://raw.githubusercontent.com/RogerPf/aaBridge/33d53be8d17429787d43b6ad8a9e9a0edb5ecc65/src/Books-L/25  Lessons  -  Declarer Play Lessons/180  8  dummyreversal.lin,5,,
296,ee29fe81a5a5,0e62de94e322804b,Dummy reversal,individual,True,False,False,20,0,6D N,6D S,False,920,12,Dummy reversal,,,lin,https://raw.githubusercontent.com/RogerPf/aaBridge/33d53be8d17429787d43b6ad8a9e9a0edb5ecc65/src/Books-L/25  Lessons  -  Declarer Play Lessons/180  8  dummyreversal.lin,8,,
297,3032c5f31fe5,770cce5cf77351d1,Dummy reversal,individual,True,True,,,,3S S,3S S,True,140,9,Dummy reversal,,Illegal source card at ply 2,lin,https://raw.githubusercontent.com/RogerPf/aaBridge/33d53be8d17429787d43b6ad8a9e9a0edb5ecc65/src/Books-L/25  Lessons  -  Declarer Play Lessons/180  8  dummyreversal.lin,9,,
298,15f5b92e13e8,3348153e0ce3936b,Crossruff,individual,False,False,,,,3C N,2C W,False,110,9,,,Illegal source card at ply 1,lin,https://raw.githubusercontent.com/RogerPf/aaBridge/33d53be8d17429787d43b6ad8a9e9a0edb5ecc65/src/Books/29  Hondo717  -  Mentoring 2017/mentoring1704b.lin,6,,
299,5c5d61e8ddce,7e8289d99cc5c317,Crossruff,individual,False,False,,,,4H N,4H N,True,420,10,,,,pbn,https://raw.githubusercontent.com/ContractBridge/pbn-files/baa1b3df9b54d071c155670a85cbb45727c5916c/2001-6th_NEC_Cup_Bridge_Festival/S2ENGSWE.PBN,12,,
300,195aaf3f3869,69953378aed6080f,Crossruff,individual,True,True,,,,4D S,4DX S,True,130,10,Crossruff,,,pbn,https://raw.githubusercontent.com/ContractBridge/pbn-files/baa1b3df9b54d071c155670a85cbb45727c5916c/2001-6th_NEC_Cup_Bridge_Festival/S2ENGSWE.PBN,16,,
301,5d0039d695d1,8185e8f958ff0fc8,Elimination / endplay,individual,False,False,False,44,0,6S S,6S S,True,980,12,,,,lin,https://raw.githubusercontent.com/RogerPf/aaBridge/33d53be8d17429787d43b6ad8a9e9a0edb5ecc65/src/Books-L/53  Writer    -  Angel Blue  Endplays/200  Endplays 5 - Trunp Ending.lin,1,,LIN unspecified vulnerability treated as None
302,f70ba718d79b,17587273875d2ddd,Elimination / endplay,individual,False,False,False,48,1,4H S,4H S,True,420,10,,,,lin,https://raw.githubusercontent.com/RogerPf/aaBridge/33d53be8d17429787d43b6ad8a9e9a0edb5ecc65/src/Books-L/53  Writer    -  Angel Blue  Endplays/200  Endplays 5 - Trunp Ending.lin,2,,LIN unspecified vulnerability treated as None
303,c66ca902dd31,ac61ade4f6cb02de,Elimination / endplay,individual,False,False,False,44,1,6S S,6S S,True,980,12,Crossruff,,,lin,https://raw.githubusercontent.com/RogerPf/aaBridge/33d53be8d17429787d43b6ad8a9e9a0edb5ecc65/src/Books-L/53  Writer    -  Angel Blue  Endplays/200  Endplays 5 - Trunp Ending.lin,3,,LIN unspecified vulnerability treated as None
304,bd5172864d6c,b88cf1e67bc49343,Elimination / endplay,individual,False,False,False,44,0,6S S,6SX S,True,980,12,,,,lin,https://raw.githubusercontent.com/RogerPf/aaBridge/33d53be8d17429787d43b6ad8a9e9a0edb5ecc65/src/Books-L/53  Writer    -  Angel Blue  Endplays/200  Endplays 5 - Trunp Ending.lin,6,,LIN unspecified vulnerability treated as None
305,9b52abd1a9ba,6ecd8b696cc7bc42,Elimination / endplay,individual,False,False,False,41,0,4S S,4S S,True,420,10,,,,lin,https://raw.githubusercontent.com/RogerPf/aaBridge/33d53be8d17429787d43b6ad8a9e9a0edb5ecc65/src/Books-L/53  Writer    -  Angel Blue  Endplays/200  Endplays 5 - Trunp Ending.lin,8,,LIN unspecified vulnerability treated as None
306,46e62a730eed,dc2bce6256005d22,Elimination / endplay,individual,False,False,False,41,0,4S S,4SX S,True,420,10,,,,lin,https://raw.githubusercontent.com/RogerPf/aaBridge/33d53be8d17429787d43b6ad8a9e9a0edb5ecc65/src/Books-L/53  Writer    -  Angel Blue  Endplays/200  Endplays 5 - Trunp Ending.lin,10,,LIN unspecified vulnerability treated as None
307,78f0faaec8ee,871d816e4db57edb,Elimination / endplay,individual,False,False,False,44,0,6S S,6S S,True,980,12,,,,lin,https://raw.githubusercontent.com/RogerPf/aaBridge/33d53be8d17429787d43b6ad8a9e9a0edb5ecc65/src/Books-L/53  Writer    -  Angel Blue  Endplays/200  Endplays 5 - Trunp Ending.lin,11,,LIN unspecified vulnerability treated as None
308,d2c0efa2dc3e,119e856c69b716ce,Dummy reversal,individual,False,False,False,1,0,4S S,4S S,True,420,10,,,,lin,https://raw.githubusercontent.com/RogerPf/aaBridge/33d53be8d17429787d43b6ad8a9e9a0edb5ecc65/src/Books/31  Hondo717  -  Mentoring 2015/mentoring1507a.lin,8,,
309,ea127b18870a,353f672614bcc1f4,Elimination / endplay,individual,False,False,,,,6NT S,6NT S,True,990,12,,,Illegal source card at ply 2,lin,https://raw.githubusercontent.com/RogerPf/aaBridge/33d53be8d17429787d43b6ad8a9e9a0edb5ecc65/src/Books-L/53  Writer    -  Angel Blue  Endplays/120  Endplays 1 - The Fork Position.lin,1,,LIN unspecified vulnerability treated as None
310,e0b4fa7aba8e,ab5b50a41d0b539c,Elimination / endplay,individual,False,False,False,33,0,4H S,3NT S,False,420,10,,,,lin,https://raw.githubusercontent.com/RogerPf/aaBridge/33d53be8d17429787d43b6ad8a9e9a0edb5ecc65/src/Books-L/53  Writer    -  Angel Blue  Endplays/120  Endplays 1 - The Fork Position.lin,2,,LIN unspecified vulnerability treated as None
311,7f16754e09f5,37b7aed9fb92596e,Elimination / endplay,individual,False,False,True,40,2,6NT N,6S S,False,990,12,,,,lin,https://raw.githubusercontent.com/RogerPf/aaBridge/33d53be8d17429787d43b6ad8a9e9a0edb5ecc65/src/Books-L/53  Writer    -  Angel Blue  Endplays/120  Endplays 1 - The Fork Position.lin,3,,LIN unspecified vulnerability treated as None
312,e08fa5a7d218,fcf1f4c413a88905,Elimination / endplay,individual,False,False,,,,4S N,4S S,False,420,10,,,Illegal source card at ply 26,lin,https://raw.githubusercontent.com/RogerPf/aaBridge/33d53be8d17429787d43b6ad8a9e9a0edb5ecc65/src/Books-L/53  Writer    -  Angel Blue  Endplays/120  Endplays 1 - The Fork Position.lin,4,,LIN unspecified vulnerability treated as None
313,9e3e4b071b17,e3c90f4462c6ddfb,Crossruff,individual,True,True,True,52,0,5C E,3D E,False,-600,11,Crossruff,,,lin,https://raw.githubusercontent.com/RogerPf/aaBridge/33d53be8d17429787d43b6ad8a9e9a0edb5ecc65/src/Books/30  Hondo717  -  Mentoring 2016/mentoring1607d.lin,6,,
314,94eb0269bdef,632b766a3179085d,Crossruff,individual,True,False,,,,4H E,4H N,False,-650,11,Crossruff,,Illegal source card at ply 1,lin,https://raw.githubusercontent.com/RogerPf/aaBridge/33d53be8d17429787d43b6ad8a9e9a0edb5ecc65/src/Books/30  Hondo717  -  Mentoring 2016/mentoring1608a.lin,4,,
315,bb978ce31ba4,05996f0f6b8b52b1,Trump coup,individual,False,False,True,52,0,6HX S,4S E,False,-500,9,,,,lin,https://raw.githubusercontent.com/RogerPf/aaBridge/33d53be8d17429787d43b6ad8a9e9a0edb5ecc65/src/Books/30  Hondo717  -  Mentoring 2016/mentoring1607b.lin,7,,
316,d4b9de8aaafa,e3f6770e7be645a0,Crossruff,individual,False,False,False,52,2,2NT E,2S N,False,-120,8,,,,lin,https://raw.githubusercontent.com/RogerPf/aaBridge/33d53be8d17429787d43b6ad8a9e9a0edb5ecc65/src/Books/37  Hondo717  -  Mentoring 2009/mentoring090604.lin,9,,
317,21d2dca573f0,3798604b38613fce,Crossruff,individual,False,True,,,,7NTX E,7S N,False,2000,5,,,,lin,https://raw.githubusercontent.com/RogerPf/aaBridge/33d53be8d17429787d43b6ad8a9e9a0edb5ecc65/src/Books-B/37  Listen to the Experts/LttE  2008-09-09  5th bDay  Al's Goulash.lin,2,,
318,e3bbb17d0b3c,b202db695e2a8b9d,Dummy reversal,individual,False,False,,,,6C S,5C E,False,1370,12,Crossruff,,Illegal source card at ply 1,lin,https://raw.githubusercontent.com/RogerPf/aaBridge/33d53be8d17429787d43b6ad8a9e9a0edb5ecc65/src/Books/28  Hondo717  -  Mentoring 2018/mentoring1812a.lin,2,,
319,52944af168f9,a6855511a0457b35,Trump coup,individual,False,False,False,52,1,3DX E,2S S,False,100,8,,,,lin,https://raw.githubusercontent.com/RogerPf/aaBridge/33d53be8d17429787d43b6ad8a9e9a0edb5ecc65/src/Books/24  Hondo717  -  Mentoring 2022/mentoring2205a.lin,5,,
320,d3ea0df59452,872e628387f11aa9,Elimination / endplay,individual,False,False,False,36,1,6S N,6S S,False,980,12,,,,lin,https://raw.githubusercontent.com/RogerPf/aaBridge/33d53be8d17429787d43b6ad8a9e9a0edb5ecc65/src/Books-L/53  Writer    -  Angel Blue  Endplays/170  Endplays 3 - Quiz.lin,1,,LIN unspecified vulnerability treated as None
321,133c88ef3cce,12265df016be94da,Elimination / endplay,individual,True,True,False,32,0,5D S,5D S,True,400,11,Elimination / endplay,,,lin,https://raw.githubusercontent.com/RogerPf/aaBridge/33d53be8d17429787d43b6ad8a9e9a0edb5ecc65/src/Books-L/53  Writer    -  Angel Blue  Endplays/170  Endplays 3 - Quiz.lin,2,,LIN unspecified vulnerability treated as None
322,ed420346d4ac,7db10c34cd9470eb,Elimination / endplay,individual,False,False,False,36,0,4S S,4S S,True,420,10,,,,lin,https://raw.githubusercontent.com/RogerPf/aaBridge/33d53be8d17429787d43b6ad8a9e9a0edb5ecc65/src/Books-L/53  Writer    -  Angel Blue  Endplays/170  Endplays 3 - Quiz.lin,3,,LIN unspecified vulnerability treated as None
323,f141fac01a4d,2542a8b1413bb312,Elimination / endplay,individual,False,False,False,52,2,4S N,4S S,False,420,10,,,,lin,https://raw.githubusercontent.com/RogerPf/aaBridge/33d53be8d17429787d43b6ad8a9e9a0edb5ecc65/src/Books-L/53  Writer    -  Angel Blue  Endplays/170  Endplays 3 - Quiz.lin,4,,LIN unspecified vulnerability treated as None
324,77b488853642,36ba4f70ce63ed96,Elimination / endplay,individual,False,False,False,36,1,4S N,4S S,False,450,11,,,,lin,https://raw.githubusercontent.com/RogerPf/aaBridge/33d53be8d17429787d43b6ad8a9e9a0edb5ecc65/src/Books-L/53  Writer    -  Angel Blue  Endplays/170  Endplays 3 - Quiz.lin,5,,LIN unspecified vulnerability treated as None
325,5edf84405794,c3aadeaacfcadf4c,Elimination / endplay,individual,False,False,False,40,2,6DX W,6H S,False,500,9,,,,lin,https://raw.githubusercontent.com/RogerPf/aaBridge/33d53be8d17429787d43b6ad8a9e9a0edb5ecc65/src/Books-L/53  Writer    -  Angel Blue  Endplays/170  Endplays 3 - Quiz.lin,6,,LIN unspecified vulnerability treated as None
326,0ba96033b145,95f1b60bee61c2e5,Trump coup,individual,False,False,False,1,0,4S S,4S S,True,620,10,,,,lin,https://raw.githubusercontent.com/RogerPf/aaBridge/33d53be8d17429787d43b6ad8a9e9a0edb5ecc65/src/Books-L/52  Writer    -  Angel Blue  Problems 2018/135__Problems__wk__35.lin,9,,
327,06e680738dd4,2fd42c824a2672af,Trump coup,individual,False,False,False,1,0,6NT N,6S S,False,1440,12,,,,lin,https://raw.githubusercontent.com/RogerPf/aaBridge/33d53be8d17429787d43b6ad8a9e9a0edb5ecc65/src/Books-L/52  Writer    -  Angel Blue  Problems 2018/135__Problems__wk__35.lin,11,,
328,8db642199fce,6dc406205ad0bd04,Trump coup,individual,False,False,False,1,0,4S S,4S S,True,420,10,,,,lin,https://raw.githubusercontent.com/RogerPf/aaBridge/33d53be8d17429787d43b6ad8a9e9a0edb5ecc65/src/Books-L/52  Writer    -  Angel Blue  Problems 2018/135__Problems__wk__35.lin,13,,LIN unspecified vulnerability treated as None
329,b494a45c326f,25ff2b833a8619ec,Squeeze,individual,False,False,False,1,0,7NT N,7H S,False,1520,13,,,,lin,https://raw.githubusercontent.com/RogerPf/aaBridge/33d53be8d17429787d43b6ad8a9e9a0edb5ecc65/src/Books-L/58  Writer    -  Roger on Squeezes/111_Q_c__Angel_Blue_Problems_C.lin,1,,
330,7496462c65e9,ff16404e79d93b18,Squeeze,individual,False,False,False,1,0,6NT N,6NT S,False,990,12,,,,lin,https://raw.githubusercontent.com/RogerPf/aaBridge/33d53be8d17429787d43b6ad8a9e9a0edb5ecc65/src/Books-L/58  Writer    -  Roger on Squeezes/111_Q_c__Angel_Blue_Problems_C.lin,3,,
331,d192a2cb7d53,eb002c2cfaaf5532,Squeeze,individual,False,False,False,1,0,6NT N,6NTX S,False,990,12,,,,lin,https://raw.githubusercontent.com/RogerPf/aaBridge/33d53be8d17429787d43b6ad8a9e9a0edb5ecc65/src/Books-L/58  Writer    -  Roger on Squeezes/111_Q_c__Angel_Blue_Problems_C.lin,5,,
332,c7f31f764ca0,738b67355d05d0d2,Squeeze,individual,False,False,False,17,1,1S N,3NT S,False,140,9,,,,lin,https://raw.githubusercontent.com/RogerPf/aaBridge/33d53be8d17429787d43b6ad8a9e9a0edb5ecc65/src/Books-L/58  Writer    -  Roger on Squeezes/111_Q_c__Angel_Blue_Problems_C.lin,7,,
333,403cf10fbe1d,c3927969ad162891,Squeeze,individual,False,False,False,1,0,6NT N,6NT S,False,990,12,,,,lin,https://raw.githubusercontent.com/RogerPf/aaBridge/33d53be8d17429787d43b6ad8a9e9a0edb5ecc65/src/Books-L/58  Writer    -  Roger on Squeezes/111_Q_c__Angel_Blue_Problems_C.lin,9,,
334,d2a507e58415,1ca5c96cfc38b392,Squeeze,individual,False,False,True,13,0,4S S,4S S,True,420,10,,,,lin,https://raw.githubusercontent.com/RogerPf/aaBridge/33d53be8d17429787d43b6ad8a9e9a0edb5ecc65/src/Books-L/58  Writer    -  Roger on Squeezes/111_Q_c__Angel_Blue_Problems_C.lin,11,,
335,2f6356d20794,f4b183d9b9946450,Crossruff,individual,False,False,False,36,0,6D N,6D S,False,920,12,,,,lin,https://raw.githubusercontent.com/RogerPf/aaBridge/33d53be8d17429787d43b6ad8a9e9a0edb5ecc65/src/Books-L/75  System  -  Dan Neil Precision  2013/013  7  Interesting Hands.lin,10,,
336,24f7345b6a14,5e9e5a25812b084a,Trump coup,individual,False,False,,,,5S E,4SX W,False,-450,11,Crossruff,,,pbn,https://raw.githubusercontent.com/BSalita/pbns/30327324935ba90a2d93faa1ab5cfad840c0a4a0/birm2000/br3part1.pbn,11,,
337,6ff91c58ca8f,26337d22d197bb2e,Crossruff,individual,True,True,True,44,0,7S N,6S S,False,2210,13,Crossruff,,,lin,https://raw.githubusercontent.com/RogerPf/aaBridge/33d53be8d17429787d43b6ad8a9e9a0edb5ecc65/src/Books/73  For Beginners  -  Albrecht Hollstein/Suit 6-1m.lin,4,,
338,8ba61f26ec48,a12309ca1242ec67,Trump coup,individual,False,False,True,48,1,4S S,6S S,True,450,11,,,,lin,https://raw.githubusercontent.com/RogerPf/aaBridge/33d53be8d17429787d43b6ad8a9e9a0edb5ecc65/src/Books/73  For Beginners  -  Albrecht Hollstein/Suit 6-1m.lin,6,,
339,bbffadc4bd12,301d215be9f36a56,Trump coup,individual,False,False,False,44,2,4S S,4S S,True,420,10,,,,lin,https://raw.githubusercontent.com/RogerPf/aaBridge/33d53be8d17429787d43b6ad8a9e9a0edb5ecc65/src/Books/73  For Beginners  -  Albrecht Hollstein/Suit 6-1m.lin,8,,
340,6b168c39b22b,84c8723b081aa4cf,Crossruff,individual,True,True,True,52,0,5H W,3H W,True,-450,11,Crossruff,,,lin,https://raw.githubusercontent.com/RogerPf/aaBridge/33d53be8d17429787d43b6ad8a9e9a0edb5ecc65/src/Books/29  Hondo717  -  Mentoring 2017/mentoring1702a.lin,5,,
341,2ad0943d1ac8,86bbbf63118b66eb,Crossruff,individual,False,True,True,40,0,7C N,6C S,False,2140,13,,,,lin,https://raw.githubusercontent.com/RogerPf/aaBridge/33d53be8d17429787d43b6ad8a9e9a0edb5ecc65/src/Books/24  Hondo717  -  Mentoring 2022/mentoring2207c.lin,5,,
342,4030992fcbdf,55d6cbb7b4a92f19,Crossruff,individual,False,False,True,41,0,6S S,6S S,True,980,12,Elimination / endplay,,,lin,https://raw.githubusercontent.com/RogerPf/aaBridge/33d53be8d17429787d43b6ad8a9e9a0edb5ecc65/src/Books-L/53  Writer    -  Angel Blue  Endplays/250  Endplays 7 - Quiz.lin,7,,LIN unspecified vulnerability treated as None
343,3bf249423d8e,c175086e01195cca,Trump coup,individual,False,False,False,52,0,3NT E,4SX E,False,-630,10,,,,lin,https://raw.githubusercontent.com/RogerPf/aaBridge/33d53be8d17429787d43b6ad8a9e9a0edb5ecc65/src/Books/31  Hondo717  -  Mentoring 2015/mentoring1503e.lin,8,,
344,dec2a43fe794,5bfd79a96703808c,Squeeze,individual,True,True,False,36,0,7NT N,7NT S,False,1520,13,Squeeze,,,lin,https://raw.githubusercontent.com/RogerPf/aaBridge/33d53be8d17429787d43b6ad8a9e9a0edb5ecc65/src/Books-L/58  Writer    -  Roger on Squeezes/112_Q_d__Angel_Blue_Problems_D.lin,1,,
345,9eae66da213e,96a98784553353fb,Crossruff,individual,True,False,False,32,0,2C N,2S S,False,130,10,Crossruff,,,lin,https://raw.githubusercontent.com/RogerPf/aaBridge/33d53be8d17429787d43b6ad8a9e9a0edb5ecc65/src/Books-L/25  Lessons  -  Declarer Play Lessons/130  3  countingwinners.lin,15,,
346,f0f72e9a5fcf,279e28bc7b010daa,Dummy reversal,individual,False,False,True,36,0,4H S,4H S,True,420,10,,,,lin,https://raw.githubusercontent.com/RogerPf/aaBridge/33d53be8d17429787d43b6ad8a9e9a0edb5ecc65/src/Books-L/25  Lessons  -  Declarer Play Lessons/130  3  countingwinners.lin,23,,
347,f385d017761b,5ffdd9edad13590c,Crossruff,individual,True,True,,,,6D N,6D S,False,920,12,Crossruff,,Illegal source card at ply 16,lin,https://raw.githubusercontent.com/RogerPf/aaBridge/33d53be8d17429787d43b6ad8a9e9a0edb5ecc65/src/Books/73  For Beginners  -  Albrecht Hollstein/Suit 7-1a.lin,8,,
348,571296e9ac84,ee807a02017cbace,Crossruff,individual,True,True,True,1,0,6D E,5D E,True,-920,12,Crossruff,,,lin,https://raw.githubusercontent.com/RogerPf/aaBridge/33d53be8d17429787d43b6ad8a9e9a0edb5ecc65/src/Books-B/10  BSeagram  -  Barbara Seagram/117  BSeagram 2014 Nov.lin,2,,
349,c30d2ec5930c,6c5250a422bdf9f1,Crossruff,individual,True,True,True,3,1,4S N,6S S,False,450,11,Crossruff,,,lin,https://raw.githubusercontent.com/RogerPf/aaBridge/33d53be8d17429787d43b6ad8a9e9a0edb5ecc65/src/Books-B/10  BSeagram  -  Barbara Seagram/117  BSeagram 2014 Nov.lin,3,,
350,cb7e9b2d8244,a7be024411fb8289,Crossruff,individual,True,True,True,1,1,6S W,6S W,True,-980,12,Crossruff,,,lin,https://raw.githubusercontent.com/RogerPf/aaBridge/33d53be8d17429787d43b6ad8a9e9a0edb5ecc65/src/Books-B/10  BSeagram  -  Barbara Seagram/117  BSeagram 2014 Nov.lin,4,,
351,afdb5c4be5d4,8598238a9e3ec6bd,Crossruff,individual,True,True,True,1,0,4H N,4H S,False,420,10,Crossruff,,,lin,https://raw.githubusercontent.com/RogerPf/aaBridge/33d53be8d17429787d43b6ad8a9e9a0edb5ecc65/src/Books/30  Hondo717  -  Mentoring 2016/mentoring1609c.lin,8,,
352,3645a20497bf,4b33d381e7bec7b5,Crossruff,individual,False,False,False,52,3,2H E,3H W,False,-140,9,,,,lin,https://raw.githubusercontent.com/RogerPf/aaBridge/33d53be8d17429787d43b6ad8a9e9a0edb5ecc65/src/Books/35  Hondo717  -  Mentoring 2011/mentoring1107b.lin,2,,
353,246d5df637d8,7b6bb70cb8e28824,Crossruff,individual,False,False,False,52,0,4H E,4DX S,False,-450,11,,,,lin,https://raw.githubusercontent.com/RogerPf/aaBridge/33d53be8d17429787d43b6ad8a9e9a0edb5ecc65/src/Books-B/56  RDK - Ron Klinger/Ron Klinger - Commentary 2008-03-18.lin,9,,
354,fc2bbc71bdc5,90058bddcff29390,Trump coup,individual,True,True,False,52,1,4H N,4H N,True,420,10,Trump coup,,,lin,https://raw.githubusercontent.com/RogerPf/aaBridge/33d53be8d17429787d43b6ad8a9e9a0edb5ecc65/src/Books/35  Hondo717  -  Mentoring 2011/mentoring1106c.lin,2,,
355,77d3567f36c1,951e00bbfac78049,Trump coup,individual,False,False,False,1,0,6S S,6S S,True,980,12,,,,lin,https://raw.githubusercontent.com/RogerPf/aaBridge/33d53be8d17429787d43b6ad8a9e9a0edb5ecc65/src/Books-L/52  Writer    -  Angel Blue  Problems 2018/113__Problems__wk__13.lin,9,,LIN unspecified vulnerability treated as None
356,02d73d7a2f46,e02070cff9c4b6e7,Dummy reversal,individual,False,False,,,,5CX E,4S S,False,500,8,,,,html,https://aces.bridgeblogging.com/2011/01/21/the-aces-on-bridge-friday-january-7th-2011/,1,,
357,1010d3332c19,fa8b0682108f5b7d,Trump coup,individual,False,False,False,1,0,3D W,3S S,False,-110,9,,,,html,https://aces.bridgeblogging.com/2018/08/10/the-aces-on-bridge-friday-july-27th-2018/,1,,
358,19fde568d7aa,aaaa090b9ae6aff2,Trump coup,individual,False,True,False,1,0,4S N,4H S,False,450,11,Crossruff,,,html,https://aces.bridgeblogging.com/2014/09/26/the-aces-on-bridge-thursday-september-12th-2014/,1,,
359,21b8de7124bc,9209606518be94fb,Trump coup,individual,False,False,False,1,0,5HX E,4S S,False,300,9,,,,html,https://aces.bridgeblogging.com/2018/11/03/the-aces-on-bridge-saturday-october-20th-2018/,1,,
360,2c0f8043f12a,3955abcd6de81c98,Trump coup,individual,False,False,False,1,0,6C S,6C S,True,1370,12,,,,html,https://aces.bridgeblogging.com/2013/08/06/the-aces-on-bridge-tuesday-july-23rd-2013/,1,,
361,2e199b559443,9cb9440a3442273a,Trump coup,individual,False,False,False,1,0,3S S,4SX S,True,140,9,,,,html,https://aces.bridgeblogging.com/2018/06/27/the-aces-on-bridge-wednesday-june-13th-2018/,1,,
362,2fcec6b95bfa,3dd6fa349dcb9d82,Trump coup,individual,True,True,False,1,0,6S S,6S S,True,980,12,Trump coup,,,html,https://aces.bridgeblogging.com/2016/02/06/the-aces-on-bridge-saturday-january-23rd-2016/,1,,
363,3b8891c35c50,9d177272f437c9b5,Dummy reversal,individual,False,False,False,1,0,4H N,4H S,False,420,10,,,,html,https://aces.bridgeblogging.com/2017/09/12/the-aces-on-bridge-tuesday-august-29th-2017/,1,,
364,40db1fe3709f,19fd8bb4eeaf17fa,Trump coup,individual,False,False,False,1,0,4H S,4H S,True,420,10,,,,html,https://aces.bridgeblogging.com/2015/04/14/the-aces-on-bridge-tuesday-march-31st-2015/,1,,
365,56d576d2e3cc,d1a88266f3a118dd,Dummy reversal,individual,False,False,False,1,1,6NT N,7S S,False,990,12,,,,html,https://aces.bridgeblogging.com/2012/01/20/the-aces-on-bridge-friday-january-6th-2012/,1,,
366,57517e297d69,bf018fb9ec6d3bbe,Trump coup,individual,False,False,False,1,0,1NT E,1H S,False,-120,8,,,,html,https://aces.bridgeblogging.com/2013/08/09/the-aces-on-bridge-friday-july-26th-2013/,1,,
367,5bd2dd776b51,a5fe62da50b23c37,Dummy reversal,individual,False,False,False,1,0,5SX E,6CX S,False,200,10,Crossruff,,,html,https://aces.bridgeblogging.com/2016/01/16/the-aces-on-bridge-saturday-january-2nd-2016/,1,,
368,5fa25d6b793c,f688f2a5c17bb4eb,Dummy reversal,individual,False,False,True,1,1,4S S,6S S,True,450,11,,,,html,https://aces.bridgeblogging.com/2017/01/27/the-aces-on-bridge-friday-january-13th-2017/,1,,
369,671ae7dfea44,dcc0ec212ec0cbd1,Trump coup,individual,False,False,False,1,0,5HX W,4S S,False,500,9,,,,html,https://aces.bridgeblogging.com/2010/04/09/the-aces-on-bridge-friday-march-26-2010/,1,,
370,6955383dce55,36b4e004fac7ef2a,Trump coup,individual,False,False,False,1,0,7NT N,7S S,False,2220,13,,,,html,https://aces.bridgeblogging.com/2017/03/30/the-aces-on-bridge-thursday-march-16th-2017/,1,,
371,6a6661b864a8,369a8e32840dd10f,Trump coup,individual,False,False,False,1,0,4S S,4S S,True,420,10,,,,html,https://aces.bridgeblogging.com/2012/01/31/the-aces-on-bridge-tuesday-january-17th-2012/,1,,
372,7fc9bfe6e59f,6df31ac22904e2e1,Dummy reversal,individual,True,True,True,1,0,7S S,7S S,True,1510,13,Dummy reversal,,,html,https://aces.bridgeblogging.com/2012/12/27/the-aces-on-bridge-thursday-december-13th-2012/,1,,
373,88e5262af62d,61b980be055b894a,Trump coup,individual,False,False,False,1,0,4S N,4H S,False,450,11,,,,html,https://aces.bridgeblogging.com/2014/07/31/the-aces-on-bridge-thursday-july-17th-2014/,1,,
374,8e3fa6381c20,24a51c60681a29bd,Trump coup,individual,False,True,True,1,0,6NT N,4S S,False,990,12,,,,html,https://aces.bridgeblogging.com/2012/11/10/the-aces-on-bridge-saturday-october-27th-2012/,1,,
375,8e7ce93714a9,cd22209e05d19646,Dummy reversal,individual,False,False,True,1,0,6NT N,6S S,False,1440,12,,,,html,https://aces.bridgeblogging.com/2013/03/15/the-aces-on-bridge-friday-march-1st-2013/,1,,
376,98d0d9ed2230,bec69ccc894df502,Dummy reversal,individual,False,True,,,,5DX W,4H S,False,100,10,Elimination / endplay,,,html,https://aces.bridgeblogging.com/2010/05/31/the-aces-on-bridge-monday-may-17-2010/,1,,
377,9c8e1fe2917c,d7fe2c7750916e93,Trump coup,individual,False,False,False,1,0,4H N,4H S,False,420,10,,,,html,https://aces.bridgeblogging.com/2014/10/10/the-aces-on-bridge-friday-september-26th-2014/,1,,
378,a161a9733f64,d55a09b8d47bf853,Dummy reversal,individual,False,False,True,1,1,6NT N,7S S,False,990,12,,,,html,https://aces.bridgeblogging.com/2017/03/10/the-aces-on-bridge-friday-february-24th-2017/,1,,
379,a1df1264559d,551002938bcc0448,Dummy reversal,individual,True,True,False,1,0,6S S,6S S,True,1430,12,Dummy reversal,,,html,https://aces.bridgeblogging.com/2017/12/21/the-aces-on-bridge-thursday-december-7th-2017/,1,,
380,ab11bf48f844,3f9c3d6c4abe68c8,Dummy reversal,individual,False,False,False,1,0,7H S,7H S,True,2210,13,,,,html,https://aces.bridgeblogging.com/2019/09/16/the-aces-on-bridge-monday-september-2nd-2019/,1,,
381,aee9bdfff83f,3b7683434fcc8b64,Trump coup,individual,False,False,False,1,0,3NT N,4H S,False,660,11,,,,html,https://aces.bridgeblogging.com/2012/04/13/the-aces-on-bridge-friday-march-30th-2012/,1,,
382,af451988e3cf,2247bf7b1c05b652,Dummy reversal,individual,True,True,True,1,0,7S S,6S S,True,2210,13,Dummy reversal,,,html,https://aces.bridgeblogging.com/2015/05/13/the-aces-on-bridge-wednesday-april-29th-2015/,1,,
383,af9141d78057,b596ed69dde8d8cf,Dummy reversal,individual,True,True,,,,6S S,7S S,True,980,12,Dummy reversal,,,html,https://aces.bridgeblogging.com/2019/08/03/the-aces-on-bridge-saturday-july-20th-2019/,1,,
384,b00473918169,6084cd9379b9b5c3,Dummy reversal,individual,False,False,False,1,0,6S N,6S S,False,980,12,,,,html,https://aces.bridgeblogging.com/2015/10/10/the-aces-on-bridge-saturday-september-26th-2015/,1,,
385,b279ba989d48,147a25e75cfbd4c2,Trump coup,individual,False,False,False,1,0,5HX W,4S S,False,100,10,Crossruff,,,html,https://aces.bridgeblogging.com/2018/08/18/the-aces-on-bridge-saturday-august-4th-2018/,1,,
386,c9f276d3bbbb,c91197c83eb6dde5,Trump coup,individual,False,False,False,1,0,4S S,4SXX S,True,420,10,Crossruff,,,html,https://aces.bridgeblogging.com/2014/09/10/the-aces-on-bridge-wednesday-august-27th-2014/,1,,
387,d6ed0a8b8770,19207cfff1c6c297,Dummy reversal,individual,False,False,False,1,1,4S S,6S S,True,450,11,,,,html,https://aces.bridgeblogging.com/2013/01/23/the-aces-on-bridge-wednesday-january-9th-2013/,1,,
388,d79fe84a27e9,314d858cb25eb80a,Dummy reversal,individual,False,False,False,1,0,6D S,6D S,True,920,12,Crossruff,,,html,https://aces.bridgeblogging.com/2018/07/25/the-aces-on-bridge-wednesday-july-11th-2018/,1,,
389,d9217e62dbc4,05beff2cb64d95f7,Dummy reversal,individual,True,True,True,1,0,7H S,7H S,True,2210,13,Dummy reversal,,,html,https://aces.bridgeblogging.com/2016/06/14/the-aces-on-bridge-tuesday-may-31st-2016/,1,,
390,df69b4870d8d,1b2f51c8ebd6df0d,Trump coup,individual,False,False,False,1,0,1H S,4H S,True,140,9,,,,html,https://aces.bridgeblogging.com/2013/03/23/the-aces-on-bridge-saturday-march-9th-2013/,1,,
391,e34ab3e07c9c,ee8a5a9531a432fb,Trump coup,individual,False,False,False,1,0,4H N,4S S,False,620,10,Elimination / endplay,,,html,https://aces.bridgeblogging.com/2012/08/04/the-aces-on-bridge-saturday-july-21st-2012/,1,,
392,f3d0f1f8fc76,be16e2dc1e6f0f6c,Trump coup,individual,False,False,False,1,0,3NT N,4H S,False,430,10,,,,html,https://aces.bridgeblogging.com/2019/02/04/the-aces-on-bridge-monday-january-21st-2019/,1,,
393,f851fabbd86f,28cb36d32147c9ad,Trump coup,individual,False,False,False,1,0,3DX E,2CXX S,False,100,8,,,,html,https://aces.bridgeblogging.com/2012/02/08/the-aces-on-bridge-wednesday-january-25th-2012/,1,,
394,f8a8c144be30,f9180993af71dfb4,Trump coup,individual,False,False,False,1,0,7NT N,7C S,False,2220,13,,,,html,https://aces.bridgeblogging.com/2016/12/21/the-aces-on-bridge-wednesday-december-7th-2016/,1,,
395,fc6a15fdfd04,9b6121463754359e,Trump coup,individual,False,True,False,1,1,1S N,6D S,False,140,9,,,,html,https://aces.bridgeblogging.com/2019/07/13/the-aces-on-bridge-saturday-june-29th-2019/,1,,
396,fe0181857b2a,63d1d6f0abe6d992,Dummy reversal,individual,False,False,True,1,0,6CX E,4S S,False,500,10,,,,html,https://aces.bridgeblogging.com/2016/12/03/the-aces-on-bridge-saturday-november-19th-2016/,1,,
397,392b7b478c40,d5498965d18bc168,Trump coup,individual,True,True,True,1,0,6S S,4S S,True,980,12,Trump coup,,,html,https://rpbridge.net/7b54.htm,1,,
398,bdd731550c8e,7c69bce522226a79,Trump coup,individual,False,False,False,1,0,6SX W,6HX S,False,1100,7,,,,html,https://rpbridge.net/7b70.htm,1,,
399,922630c86599,79fa654705413ddd,Dummy reversal,individual,False,False,True,1,1,3NT N,4S S,False,400,9,,,,html,https://rpbridge.net/4d00.htm,4,,unspecified dealer defaulted to North; unspecified vulnerability defaulted to None
400,af2d7b088903,0bcb0c138f5fcc17,Trump coup,individual,False,False,False,1,0,7NT N,7H S,False,1520,13,,,,html,https://rpbridge.net/7c90.htm,1,,
401,bbefc71ff957,45240bf747044e13,Dummy reversal,individual,False,False,True,1,1,4H S,4H S,True,420,10,,,,html,https://rpbridge.net/6b00.htm,1,,unspecified dealer defaulted to North; unspecified vulnerability defaulted to None
402,ffdc13b94d66,480083b86a428a7e,Dummy reversal,individual,False,False,False,1,0,6C N,6C S,False,920,12,,,,html,https://csbnews.org/en/dummy-reversal-2/,1,,
403,0335bbe6a0ae,ea553e3f6610ede6,Dummy reversal,individual,False,False,,,,3NT N,4S S,False,400,9,,,,html,https://csbnews.org/en/dummy-reversal-2/,2,,
404,634ef00f2ed8,854244ef1a498c9d,Dummy reversal,individual,False,False,,,,6S S,6S S,True,980,12,Crossruff,,,html,https://csbnews.org/en/dummy-reversal-2/,3,,Dealer and vulnerability unspecified; N/None used
405,8cafc82847d8,36272ed2ee912dd8,Dummy reversal,individual,False,True,,,,7S N,7S S,False,1510,13,,,,html,https://csbnews.org/en/dummy-reversal-2/,4,,Dealer and vulnerability unspecified; N/None used
406,fc95c08a531d,56ca5e923b713770,Dummy reversal,individual,False,False,,,,7NT N,7D S,False,1520,13,,,,html,https://csbnews.org/en/dummy-reversal-2/,5,,Dealer and vulnerability unspecified; N/None used
407,c0538e64d25b,242cb4a49606e41a,Dummy reversal,individual,False,False,True,1,0,7H S,7H S,True,2210,13,,,,html,https://csbnews.org/en/recognizing-a-dummy-reversal-by-steve-becker/,1,,
408,405f3403556c,3852143869a22993,Dummy reversal,individual,False,False,False,1,0,6NT N,6S S,False,1440,12,,,,html,https://csbnews.org/en/dummy-reversal-does-it-by-o-jacoby/,1,,
409,035efd97e5cc,2173e25a2c19549e,Dummy reversal,individual,False,False,True,1,0,6SX W,6H S,False,1100,7,,,,html,https://csbnews.org/en/another-case-of-dummy-reversal-by-charles-goren/,1,,
410,cc606b888320,1fc5a5d0a6a86c79,Dummy reversal,individual,False,False,True,1,1,6NT N,7S S,False,990,12,,,,html,https://csbnews.org/en/lessons-on-dummy-reversal-play/,1,,Dealer and vulnerability unspecified; N/None used
411,b4384063831c,ddfc7a1f42f6866c,Dummy reversal,individual,False,False,False,1,0,4S N,4S S,False,620,10,,,,html,https://michaelslawrence.com/play/bidding-more-to-show-less/,1,,
412,8452d5900372,39ccb3628d9f54da,Dummy reversal,individual,False,False,False,1,0,7S N,6S N,True,1510,13,,,,html,https://www.compassmate.bridge-centre.org/node/737,14,,
